ALBERTS_ANDREW,	24,	364:18,	0,	1,	1,	15,	25,	40,	0.0,	16.7,	0.99,	2.63,	4.35,	91.49,	2.43,	2.31,	51.2,	2.45,	2.49,	25.0,	40.8,	34.2,	-1;
ALLEN_BRYAN,	41,	768:17,	0,	6,	1,	25,	54,	90,	0.0,	24.0,	1.95,	2.27,	8.68,	92.43,	2.96,	2.19,	57.5,	2.54,	2.45,	28.2,	35.7,	36.1,	-1;
ALZNER_KARL,	48,	1005:52,	1,	4,	1,	39,	68,	98,	3.1,	12.5,	1.91,	3.28,	7.80,	90.65,	4.21,	2.10,	66.7,	2.75,	2.68,	26.6,	40.7,	32.7,	-1;
AUCOIN_ADRIAN,	36,	588:00,	0,	4,	2,	26,	38,	65,	0.0,	30.8,	1.33,	2.35,	6.19,	92.43,	2.64,	2.23,	54.2,	2.52,	2.45,	31.3,	36.4,	32.3,	-1;
AULIE_KEITH,	45,	576:51,	2,	5,	3,	37,	49,	76,	8.7,	21.7,	2.39,	2.70,	8.65,	91.64,	3.05,	2.99,	50.4,	2.58,	2.65,	27.5,	29.4,	43.1,	-1;
BABCHUK_ANTON,	7,	82:57,	0,	1,	0,	5,	8,	13,	0.0,	25.0,	2.89,	2.89,	11.76,	91.67,	2.26,	3.04,	42.7,	2.40,	2.46,	33.3,	32.2,	34.4,	-1;
BALLARD_KEITH,	36,	556:55,	0,	2,	1,	35,	46,	70,	0.0,	16.7,	1.29,	1.94,	4.69,	93.05,	2.45,	2.50,	49.5,	2.47,	2.52,	32.3,	33.5,	34.1,	-1;
BARKER_CAM,	14,	198:47,	0,	2,	1,	19,	26,	36,	0.0,	33.3,	1.81,	2.72,	5.94,	91.00,	2.37,	2.23,	51.5,	2.43,	2.51,	42.1,	32.2,	25.7,	-1;
BARRIE_TYSON,	32,	690:37,	2,	11,	5,	58,	95,	143,	8.3,	45.8,	2.08,	2.69,	7.00,	91.14,	2.51,	3.07,	45.0,	2.52,	2.45,	37.2,	31.0,	31.8,	-1;
BARTKOWSKI_MATT,	11,	148:19,	0,	2,	1,	9,	17,	29,	0.0,	40.0,	2.02,	2.02,	6.58,	93.24,	2.59,	2.22,	53.8,	2.44,	2.60,	41.4,	27.6,	30.9,	-1;
BARTLEY_VICTOR,	24,	469:02,	0,	7,	4,	19,	34,	52,	0.0,	46.7,	1.92,	2.17,	8.47,	92.31,	2.15,	2.83,	43.2,	2.60,	2.50,	27.5,	34.5,	38.0,	-1;
BEAUCHEMIN_FRANCOIS,	48,	1125:59,	6,	18,	5,	74,	101,	148,	10.0,	30.0,	3.20,	2.40,	10.81,	91.57,	2.94,	2.46,	54.5,	2.61,	2.45,	31.4,	38.7,	29.9,	-1;
BEAULIEU_NATHAN,	6,	92:13,	0,	2,	2,	8,	10,	19,	0.0,	25.0,	5.21,	1.95,	14.04,	92.68,	3.17,	2.47,	56.2,	2.49,	2.54,	37.6,	27.1,	35.3,	-1;
BELLEMORE_BRETT,	8,	110:07,	0,	2,	1,	3,	10,	18,	0.0,	100.0,	1.09,	2.72,	4.44,	90.38,	2.54,	3.36,	43.0,	2.80,	2.41,	29.9,	41.9,	28.2,	-1;
BENN_JORDIE,	26,	450:13,	1,	5,	3,	31,	49,	79,	6.7,	33.3,	2.00,	3.33,	7.46,	89.22,	2.84,	2.69,	51.3,	2.53,	2.37,	30.8,	36.0,	33.2,	-1;
BENOIT_ANDRE,	33,	541:36,	3,	7,	2,	50,	72,	119,	13.6,	31.8,	2.44,	2.22,	6.77,	91.70,	2.25,	2.04,	52.5,	2.62,	2.62,	39.3,	29.1,	31.7,	-1;
BERGERON_MARC-ANDRE,	25,	344:08,	1,	8,	3,	43,	62,	96,	5.0,	40.0,	3.49,	2.62,	8.55,	88.97,	2.93,	3.16,	48.1,	2.60,	2.54,	57.4,	14.6,	28.0,	-1;
BICKEL_STU,	16,	88:16,	0,	0,	0,	2,	3,	6,	0.0,	0.0,	0.68,	2.04,	5.00,	91.18,	1.71,	2.19,	43.9,	2.50,	2.55,	22.1,	33.8,	44.1,	-1;
BIEKSA_KEVIN,	36,	789:52,	6,	6,	1,	77,	112,	162,	14.6,	14.6,	3.11,	2.58,	11.36,	91.98,	2.36,	2.27,	51.0,	2.59,	2.56,	31.5,	36.7,	31.9,	-1;
BLUM_JONATHON,	35,	500:29,	1,	6,	3,	26,	35,	55,	6.2,	37.5,	1.92,	2.16,	7.77,	91.67,	2.10,	2.73,	43.5,	2.42,	2.39,	32.8,	35.4,	31.8,	-1;
BOGOSIAN_ZACH,	33,	763:04,	5,	9,	2,	85,	123,	172,	14.3,	25.7,	2.75,	3.38,	9.54,	89.17,	2.60,	2.72,	48.9,	2.84,	2.67,	30.0,	35.6,	34.4,	-1;
BOROWIECKI_MARK,	6,	77:59,	0,	0,	0,	1,	1,	4,	0.0,	0.0,	1.54,	1.54,	6.45,	94.44,	2.37,	1.99,	54.4,	2.98,	2.52,	28.2,	23.1,	48.7,	-1;
BORTUZZO_ROBERT,	15,	199:22,	2,	2,	1,	10,	18,	25,	20.0,	20.0,	3.01,	2.11,	11.24,	92.71,	3.13,	2.41,	56.5,	2.45,	2.55,	33.0,	31.9,	35.1,	-1;
BOUILLON_FRANCIS,	48,	867:37,	1,	8,	4,	46,	59,	101,	2.3,	18.2,	3.04,	2.56,	9.61,	90.80,	3.18,	2.34,	57.6,	2.57,	2.59,	31.8,	30.4,	37.7,	-1;
BOUWMEESTER_JAY,	47,	1157:48,	7,	15,	11,	79,	118,	155,	13.5,	28.8,	2.69,	3.42,	11.02,	88.19,	2.93,	2.78,	51.3,	2.68,	2.43,	26.3,	40.9,	32.8,	-1;
BOYCHUK_JOHNNY,	44,	897:22,	1,	5,	3,	74,	105,	151,	2.9,	14.7,	2.27,	2.47,	7.66,	92.14,	2.81,	2.03,	58.1,	2.81,	2.65,	29.0,	37.4,	33.6,	-1;
BOYLE_DAN,	46,	1048:42,	7,	13,	6,	97,	154,	235,	13.2,	24.5,	3.03,	1.95,	8.01,	92.02,	2.57,	2.29,	52.8,	2.58,	2.50,	40.9,	29.8,	29.3,	-1;
BRAUN_JUSTIN,	41,	770:51,	0,	7,	3,	48,	83,	139,	0.0,	33.3,	1.64,	2.41,	6.14,	91.58,	2.59,	2.19,	54.2,	2.54,	2.48,	33.7,	33.8,	32.5,	-1;
BRENNAN_TJ,	29,	483:58,	3,	7,	4,	42,	74,	107,	14.3,	33.3,	2.60,	2.98,	7.61,	90.32,	2.17,	3.16,	40.8,	2.49,	2.55,	47.2,	22.3,	30.5,	-1;
BREWER_ERIC,	48,	984:38,	4,	8,	5,	56,	80,	136,	8.9,	17.8,	2.74,	3.17,	10.98,	90.19,	3.20,	2.76,	53.7,	2.71,	2.65,	26.7,	37.9,	35.4,	-1;
BRODIE_TJ,	47,	950:11,	2,	12,	5,	44,	69,	107,	6.1,	36.4,	2.08,	2.34,	7.21,	91.04,	3.02,	3.47,	46.5,	2.53,	2.48,	35.6,	31.8,	32.6,	-1;
BRODIN_JONAS,	45,	1043:33,	2,	9,	3,	51,	68,	107,	5.4,	24.3,	2.13,	2.24,	7.86,	91.65,	3.11,	2.68,	53.7,	2.65,	2.49,	30.3,	37.0,	32.7,	-1;
BROOKBANK_SHELDON,	26,	331:30,	1,	0,	0,	25,	38,	52,	11.1,	0.0,	1.63,	1.99,	6.12,	92.81,	3.09,	1.79,	63.2,	2.31,	2.46,	35.8,	33.2,	30.9,	-1;
BUTLER_CHRIS,	44,	749:09,	1,	7,	3,	40,	53,	77,	3.8,	26.9,	2.08,	3.44,	8.64,	90.18,	2.56,	2.94,	46.5,	2.52,	2.42,	26.7,	39.4,	34.0,	-1;
BYFUGLIEN_DUSTIN,	43,	1049:20,	8,	20,	10,	142,	198,	275,	14.5,	36.4,	3.15,	2.75,	9.35,	90.44,	2.55,	3.01,	45.8,	2.75,	2.61,	39.1,	27.3,	33.6,	-1;
CAMPBELL_BRIAN,	48,	1268:00,	8,	19,	6,	70,	104,	144,	14.0,	33.3,	2.70,	3.22,	8.39,	87.99,	1.94,	3.64,	34.7,	2.82,	2.60,	42.9,	23.2,	33.9,	-1;
CARKNER_MATT,	22,	277:46,	0,	2,	2,	19,	30,	41,	0.0,	18.2,	2.38,	3.02,	7.53,	90.28,	2.82,	2.68,	51.2,	2.60,	2.54,	31.1,	30.3,	38.5,	-1;
CARLE_MATT,	48,	1139:54,	5,	17,	8,	66,	87,	133,	9.3,	31.5,	2.84,	2.63,	10.67,	91.35,	3.31,	3.18,	51.0,	2.73,	2.66,	31.0,	33.9,	35.1,	-1;
CARLSON_JOHN,	48,	1105:00,	6,	16,	6,	97,	138,	192,	10.5,	28.1,	3.10,	3.31,	11.42,	89.73,	3.01,	2.19,	57.9,	2.79,	2.64,	30.4,	37.2,	32.4,	-1;
CARSON_BRETT,	10,	109:17,	0,	1,	0,	8,	11,	13,	0.0,	33.3,	1.65,	2.20,	5.66,	91.84,	2.49,	3.15,	44.2,	2.42,	2.46,	39.6,	22.5,	37.8,	-1;
CHARA_ZDENO,	48,	1196:56,	7,	12,	10,	119,	173,	248,	13.0,	22.2,	2.71,	2.10,	8.28,	92.68,	2.79,	2.18,	56.2,	2.92,	2.64,	29.6,	38.5,	31.9,	-1;
CLARK_BRETT,	8,	112:32,	0,	1,	1,	6,	8,	18,	0.0,	50.0,	1.07,	6.93,	4.26,	75.93,	2.53,	2.29,	52.5,	2.48,	2.43,	44.0,	26.4,	29.7,	-1;
CLITSOME_GRANT,	44,	828:46,	4,	12,	7,	56,	79,	118,	9.5,	28.6,	3.04,	2.82,	10.22,	90.82,	2.46,	2.75,	47.2,	2.66,	2.67,	33.4,	30.7,	35.9,	-1;
COBURN_BRAYDON,	33,	746:20,	1,	4,	3,	38,	67,	102,	4.3,	17.4,	1.85,	3.54,	7.37,	88.51,	2.75,	2.53,	52.1,	2.82,	2.65,	21.2,	45.0,	33.9,	-1;
COLAIACOVO_CARLO,	6,	113:27,	0,	1,	1,	12,	17,	27,	0.0,	33.3,	1.59,	3.70,	4.48,	87.93,	2.59,	1.96,	56.9,	2.43,	2.42,	46.7,	25.2,	28.0,	-1;
COLE_IAN,	15,	266:11,	0,	1,	1,	10,	19,	30,	0.0,	16.7,	1.35,	2.25,	5.66,	88.76,	2.86,	2.42,	54.1,	2.68,	2.39,	30.1,	28.6,	41.3,	-1;
CORVO_JOE,	40,	749:47,	6,	11,	4,	71,	101,	148,	14.6,	26.8,	3.28,	2.88,	9.19,	90.48,	2.58,	3.38,	43.3,	2.78,	2.65,	39.9,	27.2,	32.9,	-1;
COWEN_JARED,	7,	142:01,	1,	0,	0,	8,	11,	21,	33.3,	0.0,	1.27,	1.27,	4.55,	95.24,	2.61,	1.92,	57.6,	3.05,	2.58,	36.4,	31.5,	32.2,	-1;
CUNDARI_MARK,	4,	79:05,	1,	2,	1,	8,	12,	17,	25.0,	50.0,	3.04,	3.04,	11.76,	88.89,	2.12,	2.83,	42.9,	2.51,	2.47,	29.0,	30.4,	40.6,	-1;
DALEY_TREVOR,	44,	942:08,	4,	9,	3,	58,	94,	147,	9.5,	21.4,	2.67,	3.06,	10.99,	90.42,	2.80,	2.70,	50.9,	2.65,	2.44,	33.4,	36.4,	30.2,	-1;
DEKEYSER_DANNY,	11,	198:32,	0,	1,	1,	15,	20,	27,	0.0,	16.7,	1.81,	0.60,	6.38,	97.92,	2.67,	2.13,	55.6,	2.53,	2.57,	37.9,	30.1,	32.0,	-1;
DEL_ZOTTO_MICHAEL,	46,	1066:11,	2,	19,	11,	80,	121,	185,	4.1,	38.8,	2.76,	1.97,	9.09,	93.40,	2.66,	2.21,	54.6,	2.69,	2.67,	43.6,	25.9,	30.6,	-1;
DEMERS_JASON,	22,	409:49,	1,	2,	1,	27,	46,	69,	14.3,	28.6,	1.02,	1.61,	3.76,	94.36,	2.57,	2.32,	52.5,	2.63,	2.43,	35.5,	33.0,	31.5,	-1;
DESPRES_SIMON,	33,	498:49,	2,	5,	3,	33,	42,	62,	7.7,	19.2,	3.13,	1.68,	10.28,	93.33,	3.14,	2.50,	55.7,	2.53,	2.58,	35.4,	28.1,	36.5,	-1;
DIAZ_RAPHAEL,	23,	472:47,	1,	13,	4,	34,	51,	73,	4.3,	56.5,	2.92,	2.03,	9.50,	91.53,	2.92,	2.65,	52.4,	2.64,	2.61,	33.4,	34.7,	31.9,	-1;
DILLON_BRENDEN,	48,	1026:14,	3,	5,	1,	75,	111,	161,	8.6,	14.3,	2.05,	2.81,	7.99,	91.19,	3.22,	2.77,	53.8,	2.66,	2.42,	24.8,	42.9,	32.3,	-1;
DOUGHTY_DREW,	48,	1266:51,	6,	16,	8,	114,	169,	260,	9.8,	26.2,	2.89,	2.51,	9.52,	89.77,	2.74,	2.17,	55.8,	2.63,	2.47,	38.7,	29.6,	31.6,	-1;
DREWISKE_DAVIS,	29,	440:44,	2,	5,	2,	28,	44,	74,	13.3,	33.3,	2.04,	2.72,	7.69,	90.52,	2.84,	2.33,	54.9,	2.57,	2.45,	32.3,	39.4,	28.2,	-1;
EATON_MARK,	23,	413:31,	0,	0,	0,	8,	15,	32,	0.0,	0.0,	3.05,	2.03,	13.46,	93.91,	3.26,	2.52,	56.4,	2.77,	2.63,	28.1,	37.5,	34.4,	-1;
EDLER_ALEXANDER,	45,	1073:10,	8,	14,	4,	113,	160,	252,	17.4,	30.4,	2.57,	2.46,	8.41,	91.20,	2.69,	2.20,	55.0,	2.57,	2.52,	42.2,	28.2,	29.6,	-1;
EHRHOFF_CHRISTIAN,	47,	1184:00,	5,	18,	12,	102,	155,	223,	8.3,	30.0,	3.04,	2.33,	9.32,	91.84,	2.09,	3.10,	40.3,	2.78,	2.58,	36.6,	30.8,	32.7,	-1;
EKMAN-LARSSON_OLIVER,	48,	1204:42,	3,	21,	11,	101,	145,	222,	5.6,	38.9,	2.69,	2.64,	9.18,	90.75,	2.13,	2.41,	46.9,	2.73,	2.43,	33.3,	36.5,	30.1,	-1;
ELLERBY_KEATON,	44,	636:49,	0,	3,	1,	23,	44,	68,	0.0,	17.6,	1.60,	1.79,	6.80,	93.12,	2.73,	2.66,	50.6,	2.48,	2.51,	34.2,	31.5,	34.2,	-1;
ELLIOTT_STEFAN,	18,	315:05,	1,	3,	3,	35,	49,	78,	7.7,	23.1,	2.48,	2.86,	7.60,	88.97,	2.35,	2.91,	44.7,	2.58,	2.43,	40.8,	26.4,	32.8,	-1;
ELLIS_RYAN,	32,	524:08,	2,	4,	3,	48,	60,	82,	11.1,	22.2,	2.06,	1.83,	7.26,	91.79,	2.09,	2.71,	43.6,	2.42,	2.45,	38.5,	30.0,	31.5,	-1;
EMELIN_ALEXEI,	38,	747:20,	3,	9,	4,	33,	58,	103,	11.1,	33.3,	2.17,	2.65,	8.77,	91.11,	3.45,	2.50,	58.0,	2.72,	2.63,	29.1,	31.8,	39.1,	-1;
EMINGER_STEVE,	35,	456:27,	0,	3,	1,	22,	29,	45,	0.0,	21.4,	1.84,	1.18,	6.48,	95.54,	2.52,	2.29,	52.5,	2.51,	2.68,	33.4,	30.7,	35.8,	-1;
ENGELLAND_DERYK,	42,	584:38,	0,	6,	2,	31,	39,	57,	0.0,	26.1,	2.36,	2.36,	8.27,	92.36,	3.29,	2.40,	57.8,	2.54,	2.55,	32.6,	31.4,	36.0,	-1;
ENSTROM_TOBIAS,	22,	495:32,	4,	11,	3,	21,	35,	50,	16.0,	44.0,	3.03,	3.75,	9.96,	86.58,	2.81,	2.69,	51.1,	2.79,	2.69,	39.0,	29.2,	31.8,	-1;
ERICSSON_JONATHAN,	45,	959:36,	3,	10,	5,	34,	55,	90,	8.8,	29.4,	2.13,	2.75,	8.27,	90.70,	3.08,	2.10,	59.4,	2.71,	2.45,	28.4,	39.9,	31.7,	-1;
ERIXON_TIM,	31,	486:25,	0,	5,	3,	21,	34,	61,	0.0,	22.7,	2.71,	1.97,	10.19,	93.22,	2.14,	2.30,	48.2,	2.49,	2.45,	36.8,	29.3,	33.9,	-1;
ERSKINE_JOHN,	30,	553:52,	3,	3,	1,	32,	42,	68,	12.5,	12.5,	2.60,	2.27,	10.67,	93.56,	3.26,	2.73,	54.4,	2.73,	2.69,	24.6,	42.6,	32.8,	-1;
FALK_JUSTIN,	36,	475:43,	0,	3,	1,	27,	39,	68,	0.0,	23.1,	1.64,	3.03,	6.28,	89.52,	2.42,	2.33,	50.9,	2.46,	2.48,	29.4,	37.0,	33.6,	-1;
FAULK_JUSTIN,	38,	911:09,	5,	10,	2,	76,	99,	138,	11.1,	22.2,	2.96,	3.29,	9.87,	90.20,	2.69,	3.29,	45.0,	2.83,	2.63,	31.8,	37.4,	30.8,	-1;
FAYNE_MARK,	31,	561:02,	1,	5,	2,	34,	50,	84,	5.0,	25.0,	2.14,	2.25,	8.37,	89.71,	2.18,	2.52,	46.4,	2.88,	2.67,	24.0,	36.9,	39.1,	-1;
FERENCE_ANDREW,	48,	935:30,	4,	9,	5,	66,	103,	160,	10.5,	23.7,	2.44,	2.31,	8.72,	92.31,	2.53,	2.13,	54.2,	2.66,	2.61,	31.4,	34.3,	34.2,	-1;
FINLEY_JOE,	16,	191:19,	0,	1,	0,	2,	4,	13,	0.0,	50.0,	0.63,	2.51,	3.51,	91.01,	3.02,	2.75,	52.3,	2.48,	2.41,	30.2,	30.2,	39.6,	-1;
FISTRIC_MARK,	25,	383:20,	0,	6,	4,	9,	23,	32,	0.0,	46.2,	2.04,	1.72,	7.83,	94.30,	2.55,	2.72,	48.4,	2.50,	2.49,	25.6,	38.7,	35.7,	-1;
FOSTER_KURTIS,	23,	301:06,	1,	4,	2,	21,	34,	52,	6.2,	25.0,	3.19,	2.39,	11.43,	93.22,	2.60,	2.87,	47.5,	2.48,	2.64,	31.4,	29.6,	39.0,	-1;
FOWLER_CAM,	37,	756:15,	1,	10,	1,	50,	69,	119,	3.1,	31.2,	2.54,	1.90,	9.07,	92.86,	2.83,	2.38,	54.3,	2.48,	2.49,	39.1,	28.1,	32.8,	-1;
FRANSON_CODY,	45,	845:29,	4,	25,	8,	70,	96,	136,	6.7,	41.7,	4.26,	2.70,	14.25,	90.87,	2.71,	2.50,	52.0,	2.53,	2.54,	39.6,	31.0,	29.4,	-1;
FRASER_MARK,	45,	762:47,	0,	8,	7,	33,	50,	91,	0.0,	17.8,	3.54,	2.60,	14.52,	92.09,	3.21,	2.58,	55.5,	2.57,	2.51,	23.6,	43.2,	33.2,	-1;
GARDINER_JAKE,	12,	245:46,	0,	4,	2,	12,	22,	35,	0.0,	36.4,	2.69,	1.95,	9.24,	93.16,	3.00,	2.55,	54.0,	2.57,	2.53,	32.9,	29.4,	37.7,	-1;
GARRISON_JASON,	47,	1019:26,	8,	8,	4,	94,	155,	225,	14.8,	14.8,	3.18,	2.24,	11.56,	91.68,	2.41,	2.42,	49.9,	2.62,	2.49,	35.4,	34.1,	30.5,	-1;
GERVAIS_BRUNO,	37,	633:16,	1,	5,	1,	49,	70,	115,	5.6,	27.8,	1.71,	3.51,	6.62,	87.87,	3.00,	2.65,	53.1,	2.66,	2.64,	27.4,	33.5,	39.1,	-1;
GILBERT_TOM,	43,	830:45,	3,	10,	4,	36,	64,	103,	9.1,	30.3,	2.38,	3.18,	9.17,	87.61,	2.37,	2.33,	50.5,	2.53,	2.56,	34.0,	32.7,	33.2,	-1;
GILL_HAL,	32,	428:19,	0,	0,	0,	8,	11,	25,	0.0,	0.0,	1.12,	3.08,	6.25,	90.09,	2.18,	2.57,	46.0,	2.53,	2.34,	21.7,	51.6,	26.7,	-1;
GILROY_MATT,	15,	143:21,	0,	0,	0,	14,	18,	27,	0.0,	0.0,	0.00,	1.67,	0.00,	94.44,	2.23,	2.18,	50.6,	2.47,	2.61,	51.9,	20.2,	27.9,	-1;
GIORDANO_MARK,	47,	1088:31,	4,	11,	6,	58,	92,	148,	6.2,	17.2,	3.53,	3.86,	13.59,	86.64,	2.25,	2.77,	44.8,	2.66,	2.41,	26.9,	41.4,	31.7,	-1;
GIRARDI_DAN,	46,	1169:05,	2,	12,	2,	81,	127,	180,	5.3,	31.6,	1.95,	2.87,	6.50,	90.38,	3.33,	1.74,	65.7,	2.90,	2.69,	31.2,	38.5,	30.3,	-1;
GLEASON_TIM,	42,	820:12,	0,	9,	4,	36,	57,	100,	0.0,	27.3,	2.41,	4.10,	9.35,	89.33,	2.94,	2.88,	50.5,	2.83,	2.61,	22.9,	43.1,	34.0,	-1;
GOLIGOSKI_ALEX,	47,	1052:07,	3,	24,	11,	80,	135,	202,	4.8,	38.1,	3.59,	2.51,	12.91,	91.04,	2.31,	2.90,	44.4,	2.57,	2.40,	36.1,	29.6,	34.3,	-1;
GOLOUBEF_CODY,	11,	163:07,	1,	0,	0,	14,	16,	18,	33.3,	0.0,	1.10,	2.21,	3.45,	91.18,	2.46,	2.25,	52.3,	2.48,	2.54,	35.7,	30.7,	33.6,	-1;
GONCHAR_SERGEI,	45,	1078:57,	3,	24,	9,	85,	120,	191,	7.0,	55.8,	2.39,	1.67,	7.11,	94.48,	2.42,	2.14,	53.1,	2.71,	2.65,	40.1,	28.7,	31.2,	-1;
GORGES_JOSH,	48,	1026:37,	2,	7,	3,	40,	62,	95,	5.6,	19.4,	2.10,	2.98,	8.24,	88.96,	3.69,	2.15,	63.2,	2.81,	2.62,	25.4,	39.0,	35.5,	-1;
GREEN_MIKE,	35,	869:53,	12,	14,	9,	96,	128,	200,	23.1,	26.9,	3.59,	1.93,	11.56,	93.41,	3.04,	2.96,	50.7,	2.71,	2.69,	38.8,	31.1,	30.1,	-1;
GREENE_ANDY,	48,	1105:39,	4,	12,	4,	63,	99,	162,	8.3,	25.0,	2.60,	2.28,	10.13,	89.18,	2.18,	2.66,	45.0,	2.80,	2.62,	30.4,	34.1,	35.5,	-1;
GREENE_MATT,	5,	76:26,	0,	1,	1,	3,	4,	5,	0.0,	33.3,	2.35,	3.92,	9.09,	87.50,	2.76,	2.17,	56.1,	2.55,	2.21,	19.7,	37.9,	42.4,	-1;
GROSSMANN_NICKLAS,	30,	549:59,	1,	3,	3,	21,	35,	56,	6.2,	18.8,	1.75,	2.84,	7.51,	90.41,	2.69,	2.89,	48.2,	2.82,	2.66,	22.5,	43.2,	34.3,	-1;
GRYBA_ERIC,	33,	669:09,	2,	4,	2,	51,	69,	95,	10.5,	21.1,	1.70,	2.24,	6.55,	93.09,	2.38,	2.17,	52.3,	2.84,	2.57,	27.3,	38.6,	34.0,	-1;
GUDAS_RADKO,	22,	373:50,	2,	3,	1,	31,	42,	62,	11.8,	17.6,	2.73,	2.41,	8.76,	91.57,	2.90,	2.91,	50.0,	2.63,	2.66,	33.5,	31.0,	35.6,	-1;
GUDBRANSON_ERIK,	32,	599:57,	0,	4,	0,	49,	70,	94,	0.0,	33.3,	1.20,	4.20,	4.51,	88.00,	2.61,	3.16,	45.2,	2.78,	2.62,	31.4,	31.9,	36.7,	-1;
GUNNARSSON_CARL,	37,	787:27,	1,	14,	2,	28,	43,	63,	3.0,	42.4,	2.51,	2.67,	10.54,	91.80,	3.10,	2.62,	54.2,	2.83,	2.56,	22.7,	41.5,	35.8,	-1;
GUSTAFSSON_ERIK,	27,	543:59,	3,	5,	4,	36,	46,	75,	15.0,	25.0,	2.21,	1.99,	8.03,	93.10,	2.92,	2.90,	50.1,	2.73,	2.50,	25.7,	34.6,	39.7,	-1;
HAINSEY_RON,	47,	1074:25,	0,	13,	5,	52,	73,	121,	0.0,	32.5,	2.23,	3.46,	8.58,	89.35,	2.86,	2.63,	52.1,	2.86,	2.64,	25.4,	43.8,	30.8,	-1;
HAMHUIS_DAN,	47,	1099:20,	4,	20,	8,	62,	105,	172,	8.3,	41.7,	2.62,	2.46,	10.04,	90.96,	2.75,	2.25,	54.9,	2.66,	2.50,	30.6,	37.6,	31.9,	-1;
HAMILTON_DOUGIE,	42,	719:23,	5,	11,	8,	83,	110,	163,	16.7,	36.7,	2.50,	1.75,	6.90,	93.52,	2.89,	2.27,	56.0,	2.62,	2.65,	40.3,	27.5,	32.3,	-1;
HAMONIC_TRAVIS,	48,	1093:49,	3,	7,	2,	83,	125,	189,	6.7,	15.6,	2.47,	3.73,	8.86,	88.17,	2.93,	2.21,	57.1,	2.82,	2.59,	25.7,	41.2,	33.1,	-1;
HAMRLIK_ROMAN,	16,	183:40,	0,	1,	0,	7,	13,	21,	0.0,	33.3,	0.98,	2.94,	3.57,	86.15,	2.66,	2.15,	55.3,	2.60,	2.60,	45.7,	20.9,	33.3,	-1;
HANNAN_SCOTT,	33,	637:05,	0,	1,	1,	25,	33,	53,	0.0,	7.7,	1.22,	3.58,	6.05,	88.31,	2.46,	2.21,	52.7,	2.58,	2.43,	24.7,	43.3,	32.0,	-1;
HARRISON_JAY,	47,	935:41,	3,	7,	4,	54,	77,	122,	8.6,	20.0,	2.24,	3.91,	7.54,	88.97,	2.82,	2.89,	49.4,	2.75,	2.63,	33.4,	36.4,	30.2,	-1;
HARROLD_PETER,	23,	405:32,	2,	3,	2,	36,	49,	68,	18.2,	27.3,	1.63,	2.37,	5.61,	87.50,	2.31,	2.44,	48.6,	2.69,	2.63,	42.5,	22.7,	34.8,	-1;
HEDMAN_VICTOR,	44,	997:01,	4,	16,	8,	76,	111,	156,	7.7,	30.8,	3.13,	3.73,	11.87,	87.27,	3.08,	2.51,	55.1,	2.76,	2.66,	26.0,	39.6,	34.4,	-1;
HEJDA_JAN,	46,	906:10,	1,	9,	3,	50,	70,	118,	3.4,	31.0,	1.92,	2.85,	7.61,	91.26,	2.58,	2.99,	46.3,	2.61,	2.42,	28.4,	39.4,	32.2,	-1;
HICKEY_THOMAS,	39,	657:31,	1,	3,	1,	40,	55,	95,	3.6,	10.7,	2.56,	2.19,	8.33,	90.94,	3.13,	2.81,	52.7,	2.66,	2.61,	32.7,	29.8,	37.5,	-1;
HILLEN_JACK,	23,	405:05,	3,	6,	4,	28,	43,	60,	15.0,	30.0,	2.96,	1.93,	10.26,	93.98,	3.14,	2.66,	54.2,	2.75,	2.57,	29.7,	30.9,	39.4,	-1;
HJALMARSSON_NIKLAS,	46,	961:45,	2,	8,	3,	43,	63,	99,	5.0,	20.0,	2.50,	2.18,	9.41,	91.84,	3.33,	1.87,	64.0,	2.69,	2.47,	26.0,	40.3,	33.8,	-1;
HOLZER_KORBINIAN,	22,	407:09,	2,	1,	1,	16,	24,	31,	16.7,	8.3,	1.77,	4.13,	8.28,	89.39,	3.24,	2.42,	57.3,	2.85,	2.63,	22.2,	42.6,	35.2,	-1;
HUNWICK_MATT,	43,	925:37,	0,	6,	3,	57,	69,	112,	0.0,	17.1,	2.27,	3.05,	7.99,	90.78,	2.55,	3.06,	45.4,	2.61,	2.43,	27.7,	37.1,	35.2,	-1;
HUSKINS_KENT,	19,	297:38,	0,	1,	1,	4,	11,	17,	0.0,	16.7,	1.21,	2.22,	5.61,	92.09,	2.54,	2.35,	51.9,	2.58,	2.51,	30.9,	37.7,	31.3,	-1;
IRWIN_MATT,	38,	725:50,	6,	6,	2,	79,	104,	176,	17.6,	17.6,	2.81,	1.98,	7.83,	91.75,	2.64,	2.18,	54.8,	2.57,	2.49,	37.3,	28.4,	34.2,	-1;
JACKMAN_BARRET,	46,	888:47,	3,	9,	6,	39,	48,	84,	8.3,	25.0,	2.43,	2.50,	10.88,	90.66,	2.62,	2.27,	53.6,	2.66,	2.41,	23.2,	46.2,	30.5,	-1;
JOHNSON_AARON,	10,	148:42,	0,	0,	0,	8,	11,	23,	0.0,	0.0,	1.61,	2.02,	5.00,	91.23,	2.59,	2.11,	55.2,	2.64,	2.64,	38.7,	27.7,	33.6,	-1;
JOHNSON_ERIK,	31,	643:25,	0,	4,	3,	65,	86,	120,	0.0,	14.3,	2.61,	3.64,	7.98,	87.85,	2.41,	2.86,	45.8,	2.61,	2.47,	32.5,	31.9,	35.6,	-1;
JOHNSON_JACK,	44,	1142:41,	5,	14,	5,	96,	138,	196,	11.9,	33.3,	2.21,	2.42,	8.32,	92.14,	2.57,	2.21,	53.7,	2.63,	2.49,	33.6,	35.0,	31.5,	-1;
JOSI_ROMAN,	48,	1129:15,	5,	13,	8,	96,	122,	182,	9.3,	24.1,	2.87,	2.82,	9.34,	89.40,	1.93,	2.44,	44.1,	2.63,	2.40,	34.8,	32.6,	32.5,	-1;
JOVANOVSKI_ED,	6,	93:59,	0,	1,	1,	6,	10,	16,	0.0,	50.0,	1.28,	4.47,	5.00,	86.27,	2.22,	3.10,	41.7,	2.68,	2.55,	33.0,	35.8,	31.1,	-1;
KABERLE_TOMAS,	10,	135:27,	0,	3,	1,	11,	16,	23,	0.0,	37.5,	3.54,	1.77,	10.00,	92.31,	3.12,	2.43,	56.2,	2.52,	2.55,	42.0,	20.0,	38.0,	-1;
KARLSSON_ERIK,	17,	461:49,	6,	8,	6,	79,	111,	182,	27.3,	36.4,	2.86,	1.69,	7.51,	94.30,	2.40,	2.08,	53.6,	2.91,	2.74,	43.6,	25.7,	30.7,	-1;
KEITH_DUNCAN,	47,	1133:06,	3,	24,	10,	91,	120,	184,	4.5,	36.4,	3.50,	2.28,	11.04,	91.98,	2.76,	1.78,	60.8,	2.56,	2.46,	36.4,	29.5,	34.1,	-1;
KINDL_JAKUB,	41,	760:48,	4,	9,	3,	76,	107,	157,	10.3,	23.1,	3.08,	1.26,	9.26,	94.74,	2.07,	2.42,	46.1,	2.44,	2.47,	44.8,	23.5,	31.7,	-1;
KLEIN_KEVIN,	47,	959:40,	3,	11,	7,	54,	78,	126,	10.3,	37.9,	1.81,	2.88,	8.79,	90.42,	2.22,	2.54,	46.6,	2.62,	2.45,	23.9,	44.8,	31.3,	-1;
KLESLA_ROSTISLAV,	38,	669:45,	2,	5,	3,	44,	66,	96,	8.7,	21.7,	2.06,	2.96,	7.69,	91.77,	2.55,	2.35,	52.0,	2.60,	2.41,	26.4,	38.8,	34.8,	-1;
KOMISAREK_MIKE,	4,	61:23,	0,	0,	0,	1,	3,	7,	0.0,	0.0,	2.93,	0.98,	14.29,	97.30,	2.85,	2.66,	51.8,	3.02,	2.18,	26.2,	33.8,	40.0,	-1;
KOSTKA_MICHAEL,	35,	772:47,	0,	8,	4,	49,	80,	121,	0.0,	29.6,	2.10,	2.17,	7.74,	92.86,	3.32,	2.77,	54.5,	2.72,	2.65,	30.8,	34.1,	35.1,	-1;
KRONWALL_NIKLAS,	48,	1169:22,	6,	23,	8,	69,	107,	183,	9.5,	36.5,	3.23,	2.82,	10.73,	89.58,	2.20,	1.99,	52.5,	2.67,	2.45,	39.4,	31.5,	29.0,	-1;
KUBA_FILIP,	44,	933:50,	1,	9,	4,	50,	66,	82,	3.2,	29.0,	1.99,	3.47,	7.23,	89.51,	2.36,	3.40,	40.9,	2.80,	2.61,	30.5,	36.4,	33.2,	-1;
KULIKOV_DMITRY,	34,	713:12,	3,	7,	3,	52,	76,	112,	8.8,	20.6,	2.86,	2.86,	9.80,	90.40,	2.11,	3.61,	36.9,	2.78,	2.53,	39.2,	25.8,	35.1,	-1;
KUNDRATEK_TOMAS,	25,	403:38,	1,	6,	3,	23,	35,	63,	6.7,	40.0,	2.23,	2.68,	8.82,	91.47,	2.83,	2.57,	52.4,	2.56,	2.70,	32.9,	30.9,	36.2,	-1;
LARSEN_PHILIP,	32,	476:10,	2,	3,	1,	30,	39,	64,	16.7,	25.0,	1.51,	2.77,	6.28,	91.60,	2.90,	2.79,	50.9,	2.41,	2.38,	29.6,	33.8,	36.6,	-1;
LARSSON_ADAM,	37,	669:41,	0,	6,	3,	30,	40,	68,	0.0,	23.1,	2.33,	2.42,	10.32,	90.04,	2.39,	2.43,	49.6,	2.75,	2.64,	28.0,	32.1,	39.9,	-1;
LASHOFF_BRIAN,	31,	551:17,	1,	4,	2,	26,	36,	49,	9.1,	36.4,	1.20,	3.37,	5.21,	89.80,	2.77,	1.97,	58.4,	2.60,	2.41,	30.7,	36.9,	32.4,	-1;
LAURIDSEN_OLIVER,	15,	227:01,	2,	1,	1,	15,	21,	29,	16.7,	8.3,	3.17,	3.17,	11.76,	89.19,	2.76,	2.71,	50.4,	2.68,	2.44,	26.6,	39.4,	33.9,	-1;
LEDDY_NICK,	48,	836:08,	6,	12,	4,	65,	86,	115,	14.0,	27.9,	3.09,	1.29,	9.49,	94.00,	3.06,	2.16,	58.6,	2.35,	2.52,	44.9,	23.4,	31.7,	-1;
LEE_BRIAN,	22,	306:16,	0,	0,	0,	13,	22,	34,	0.0,	0.0,	1.57,	4.31,	5.67,	87.21,	3.38,	2.62,	56.3,	2.55,	2.60,	24.7,	32.5,	42.7,	-1;
LEOPOLD_JORDAN,	39,	781:59,	2,	8,	4,	60,	81,	121,	7.7,	30.8,	2.00,	3.07,	7.18,	90.00,	2.62,	2.48,	51.4,	2.67,	2.53,	37.4,	31.7,	31.0,	-1;
LETANG_KRIS,	35,	897:12,	5,	33,	15,	95,	132,	184,	7.0,	46.5,	4.75,	2.47,	13.47,	90.68,	3.06,	2.29,	57.2,	2.65,	2.63,	38.7,	30.3,	31.0,	-1;
LILES_JOHN-MICHAEL,	32,	600:34,	2,	9,	5,	47,	63,	95,	9.1,	40.9,	2.20,	2.10,	8.70,	92.47,	3.18,	2.70,	54.1,	2.58,	2.59,	34.7,	29.9,	35.4,	-1;
LILJA_ANDREAS,	4,	67:07,	0,	0,	0,	2,	5,	7,	0.0,	0.0,	0.89,	1.79,	3.85,	95.45,	2.89,	2.68,	51.9,	2.77,	2.25,	22.2,	46.0,	31.7,	-1;
LOVEJOY_BEN,	35,	623:55,	0,	10,	3,	58,	78,	105,	0.0,	35.7,	2.69,	2.40,	8.16,	90.77,	2.67,	2.29,	53.8,	2.52,	2.49,	32.5,	33.0,	34.6,	-1;
LUNDIN_MIKE,	11,	170:35,	0,	1,	1,	13,	15,	23,	0.0,	33.3,	1.05,	1.76,	3.70,	95.05,	2.33,	2.09,	52.7,	2.62,	2.64,	29.3,	34.7,	36.1,	-1;
LYDMAN_TONI,	35,	678:33,	0,	6,	3,	28,	41,	61,	0.0,	28.6,	1.86,	2.92,	7.58,	88.93,	2.98,	2.16,	57.9,	2.50,	2.40,	26.9,	34.8,	38.3,	-1;
MACDONALD_ANDREW,	48,	1128:23,	3,	9,	3,	45,	66,	112,	6.5,	19.6,	2.45,	3.14,	9.09,	89.85,	3.00,	3.22,	48.2,	2.83,	2.59,	25.5,	40.3,	34.3,	-1;
MANNING_BRANDON,	6,	88:49,	0,	2,	2,	5,	7,	9,	0.0,	25.0,	5.40,	2.70,	17.02,	93.10,	2.75,	2.46,	52.8,	2.44,	2.42,	24.4,	36.6,	39.0,	-1;
MARKOV_ANDREI,	48,	1160:26,	10,	20,	12,	79,	113,	175,	15.9,	31.7,	3.26,	2.79,	10.34,	90.20,	2.80,	2.38,	54.1,	2.70,	2.61,	40.6,	27.2,	32.1,	-1;
MARTIN_PAUL,	34,	861:03,	7,	16,	8,	39,	59,	102,	12.7,	29.1,	3.83,	2.30,	12.76,	91.71,	3.35,	2.64,	55.9,	2.77,	2.60,	30.9,	34.1,	35.0,	-1;
MARTINEK_RADEK,	13,	209:54,	3,	0,	0,	12,	20,	25,	50.0,	0.0,	1.72,	2.29,	6.25,	91.67,	2.91,	2.71,	51.8,	2.57,	2.67,	34.1,	31.2,	34.7,	-1;
MARTINEZ_ALEC,	27,	432:37,	1,	4,	0,	30,	48,	68,	10.0,	40.0,	1.39,	2.08,	4.81,	90.38,	2.96,	2.31,	56.1,	2.47,	2.53,	40.2,	22.3,	37.5,	-1;
MCBAIN_JAMIE,	40,	736:57,	1,	7,	3,	46,	62,	101,	3.0,	21.2,	2.69,	2.93,	8.11,	90.72,	2.66,	3.24,	45.1,	2.66,	2.57,	35.4,	29.1,	35.5,	-1;
MCDONAGH_RYAN,	47,	1144:50,	4,	15,	9,	83,	117,	181,	8.7,	32.6,	2.41,	2.62,	8.00,	90.67,	2.67,	1.93,	58.0,	2.89,	2.67,	27.6,	39.4,	33.0,	-1;
MCQUAID_ADAM,	32,	457:21,	1,	3,	2,	26,	37,	63,	6.7,	20.0,	1.97,	1.97,	6.88,	92.31,	2.65,	2.31,	53.4,	2.64,	2.58,	32.3,	28.5,	39.2,	-1;
MEECH_DEREK,	16,	235:09,	0,	1,	1,	5,	9,	23,	0.0,	16.7,	1.53,	1.53,	6.82,	95.16,	2.59,	2.81,	47.9,	2.65,	2.49,	31.8,	25.9,	42.3,	-1;
MESZAROS_ANDREJ,	11,	202:13,	0,	2,	2,	18,	24,	42,	0.0,	66.7,	0.89,	4.75,	3.90,	85.96,	2.86,	2.59,	52.4,	2.52,	2.45,	31.1,	36.0,	32.9,	-1;
METHOT_MARC,	47,	1044:54,	2,	9,	5,	53,	69,	97,	5.3,	23.7,	2.18,	2.76,	7.58,	91.70,	2.40,	1.69,	58.7,	2.93,	2.62,	27.6,	38.9,	33.5,	-1;
MICHALEK_ZBYNEK,	34,	724:24,	0,	2,	1,	42,	63,	92,	0.0,	7.1,	2.32,	2.98,	9.30,	90.40,	2.61,	2.32,	53.0,	2.81,	2.46,	25.6,	43.5,	30.9,	-1;
MOORE_JOHN,	30,	399:49,	1,	6,	4,	29,	41,	67,	5.9,	35.3,	2.55,	2.10,	10.24,	92.35,	2.33,	2.12,	52.3,	2.41,	2.58,	34.7,	33.6,	31.7,	-1;
MORRIS_DEREK,	39,	834:10,	0,	11,	4,	68,	111,	153,	0.0,	42.3,	1.87,	2.81,	6.03,	91.03,	2.89,	2.20,	56.9,	2.56,	2.44,	36.8,	33.4,	29.8,	-1;
MURPHY_RYAN,	4,	84:15,	0,	0,	0,	7,	10,	15,	0.0,	0.0,	1.42,	3.56,	4.88,	89.36,	2.48,	2.94,	45.7,	2.77,	2.77,	47.9,	20.5,	31.5,	-1;
MURRAY_DOUGLAS,	43,	756:13,	1,	5,	1,	27,	50,	81,	5.6,	27.8,	1.43,	3.49,	6.08,	90.09,	2.64,	2.17,	54.9,	2.58,	2.53,	24.8,	43.9,	31.3,	-1;
MUZZIN_JAKE,	45,	805:17,	7,	9,	7,	77,	108,	164,	16.3,	20.9,	3.20,	1.27,	8.92,	92.92,	2.67,	2.68,	49.9,	2.50,	2.48,	45.6,	21.8,	32.7,	-1;
MYERS_TYLER,	39,	831:14,	3,	5,	3,	48,	67,	102,	11.1,	18.5,	1.95,	3.39,	6.94,	89.44,	2.69,	2.51,	51.6,	2.74,	2.59,	32.8,	33.3,	33.9,	-1;
NIKITIN_NIKITA,	38,	805:40,	3,	6,	3,	60,	95,	143,	9.4,	18.8,	2.38,	2.68,	9.47,	90.60,	2.46,	2.11,	53.9,	2.61,	2.50,	29.9,	35.5,	34.6,	-1;
NISKANEN_MATT,	40,	814:18,	4,	10,	6,	67,	109,	153,	12.1,	30.3,	2.43,	2.14,	7.73,	92.20,	3.84,	2.49,	60.7,	2.62,	2.66,	35.8,	30.6,	33.6,	-1;
ODUYA_JOHNNY,	48,	985:00,	3,	9,	3,	52,	77,	119,	7.7,	23.1,	2.38,	2.07,	8.52,	91.71,	3.34,	1.94,	63.3,	2.60,	2.47,	31.4,	37.0,	31.7,	-1;
OLEKSIAK_JAMIE,	16,	237:20,	0,	2,	1,	11,	21,	34,	0.0,	28.6,	1.77,	3.79,	6.80,	87.29,	3.00,	2.62,	53.3,	2.43,	2.49,	35.0,	27.4,	37.6,	-1;
OLEKSY_STEVE,	28,	483:30,	1,	8,	2,	25,	38,	70,	4.2,	33.3,	2.98,	2.36,	10.76,	93.19,	2.81,	2.53,	52.6,	2.64,	2.63,	27.3,	39.3,	33.4,	-1;
ORLOV_DMITRY,	5,	74:43,	0,	1,	1,	1,	3,	8,	0.0,	16.7,	4.82,	0.80,	21.43,	97.22,	3.06,	2.50,	55.0,	2.53,	2.51,	29.8,	42.6,	27.7,	-1;
ORPIK_BROOKS,	46,	1025:19,	0,	8,	3,	32,	44,	72,	0.0,	16.7,	2.81,	2.98,	12.06,	91.40,	3.85,	2.26,	63.1,	2.83,	2.59,	22.8,	41.1,	36.1,	-1;
O_BRIEN_SHANE,	28,	434:05,	0,	4,	2,	28,	40,	66,	0.0,	22.2,	2.49,	2.63,	7.73,	89.14,	2.41,	3.00,	44.6,	2.55,	2.39,	33.2,	31.5,	35.3,	-1;
O_BYRNE_RYAN,	42,	778:16,	2,	4,	1,	26,	48,	72,	7.7,	15.4,	2.00,	3.39,	8.72,	90.98,	2.57,	2.68,	49.0,	2.63,	2.42,	26.7,	41.4,	31.8,	-1;
PARDY_ADAM,	17,	280:37,	0,	4,	1,	6,	11,	17,	0.0,	36.4,	2.35,	1.92,	10.68,	93.88,	2.04,	2.60,	43.9,	2.71,	2.52,	26.1,	37.8,	36.1,	-1;
PECKHAM_THEO,	4,	70:33,	0,	0,	0,	2,	5,	8,	0.0,	0.0,	1.70,	5.10,	8.00,	85.00,	2.50,	2.58,	49.2,	2.37,	2.38,	26.2,	35.4,	38.5,	-1;
PETROVIC_ALEX,	6,	112:41,	0,	0,	0,	5,	9,	16,	0.0,	0.0,	1.06,	5.86,	4.26,	82.81,	2.24,	3.19,	41.3,	2.73,	2.38,	43.2,	17.9,	38.9,	-1;
PETRY_JEFF,	48,	1051:38,	3,	9,	4,	66,	96,	141,	7.9,	23.7,	2.17,	2.68,	9.09,	92.54,	2.71,	2.63,	50.7,	2.61,	2.47,	25.6,	40.7,	33.7,	-1;
PHANEUF_DION,	48,	1208:33,	9,	19,	10,	88,	129,	212,	12.9,	27.1,	3.48,	2.93,	12.92,	91.13,	2.63,	2.57,	50.5,	2.90,	2.54,	29.6,	37.4,	33.1,	-1;
PHILLIPS_CHRIS,	48,	1009:48,	5,	9,	3,	89,	117,	162,	13.9,	25.0,	2.14,	2.67,	6.57,	92.21,	2.32,	1.75,	57.0,	2.78,	2.63,	31.4,	37.1,	31.5,	-1;
PIETRANGELO_ALEX,	47,	1180:18,	5,	19,	10,	93,	150,	221,	8.5,	32.2,	3.00,	2.95,	10.44,	88.33,	2.20,	2.02,	52.2,	2.66,	2.43,	33.4,	35.6,	31.0,	-1;
PITKANEN_JONI,	22,	501:59,	1,	8,	5,	34,	48,	73,	4.5,	36.4,	2.63,	2.63,	8.12,	90.98,	2.94,	3.26,	47.4,	2.64,	2.66,	36.7,	28.1,	35.2,	-1;
POLAK_ROMAN,	48,	884:11,	1,	5,	1,	39,	69,	100,	3.8,	19.2,	1.76,	2.31,	7.54,	90.76,	2.89,	2.16,	57.2,	2.56,	2.44,	29.1,	35.5,	35.4,	-1;
POSTMA_PAUL,	34,	510:58,	4,	5,	4,	32,	60,	93,	19.0,	23.8,	2.47,	2.35,	8.50,	90.57,	2.48,	2.75,	47.5,	2.46,	2.72,	40.9,	21.6,	37.5,	-1;
POTI_TOM,	16,	243:35,	0,	2,	2,	8,	13,	24,	0.0,	25.0,	1.97,	2.71,	7.14,	92.95,	3.03,	2.55,	54.3,	2.62,	2.62,	28.6,	36.3,	35.1,	-1;
POTTER_COREY,	33,	575:59,	3,	1,	1,	36,	55,	84,	13.6,	4.5,	2.29,	1.67,	9.61,	94.52,	2.67,	2.83,	48.6,	2.54,	2.47,	32.5,	36.0,	31.5,	-1;
PROSSER_NATE,	17,	191:16,	0,	0,	0,	5,	9,	14,	0.0,	0.0,	1.57,	0.63,	7.04,	97.59,	2.21,	2.68,	45.2,	2.39,	2.46,	26.8,	39.9,	33.3,	-1;
PROUT_DALTON,	28,	518:48,	1,	6,	0,	16,	30,	49,	4.5,	27.3,	2.54,	1.16,	10.58,	96.25,	2.38,	2.55,	48.3,	2.58,	2.50,	27.2,	37.5,	35.4,	-1;
PYSYK_MARK,	19,	309:17,	1,	4,	2,	21,	29,	41,	16.7,	66.7,	1.16,	2.33,	5.17,	92.59,	2.59,	2.43,	51.6,	2.78,	2.52,	30.5,	35.1,	34.4,	-1;
QUINCEY_KYLE,	36,	692:00,	1,	2,	2,	36,	61,	102,	3.4,	6.9,	2.51,	2.43,	8.24,	90.85,	2.40,	2.07,	53.6,	2.57,	2.47,	38.4,	32.3,	29.3,	-1;
REDDEN_WADE,	29,	436:59,	3,	4,	2,	28,	46,	68,	15.0,	20.0,	2.75,	3.02,	8.93,	85.71,	2.52,	2.26,	52.8,	2.46,	2.51,	37.9,	27.4,	34.7,	-1;
REDMOND_ZACH,	8,	156:38,	1,	3,	2,	13,	19,	28,	20.0,	60.0,	1.92,	1.92,	6.67,	89.36,	2.51,	2.80,	47.2,	2.64,	2.75,	27.0,	30.7,	42.3,	-1;
REGEHR_ROBYN,	41,	796:16,	0,	4,	1,	27,	51,	68,	0.0,	16.7,	1.81,	3.17,	8.19,	91.53,	2.69,	2.49,	51.9,	2.81,	2.57,	24.2,	42.7,	33.2,	-1;
ROBAK_COLBY,	16,	242:49,	0,	1,	1,	15,	24,	40,	0.0,	11.1,	2.22,	2.96,	7.26,	90.48,	2.23,	3.33,	40.1,	2.54,	2.57,	35.3,	29.4,	35.3,	-1;
ROBIDAS_STEPHANE,	48,	1067:27,	0,	13,	6,	45,	79,	128,	0.0,	25.5,	2.87,	2.92,	11.75,	90.76,	2.67,	2.73,	49.5,	2.68,	2.40,	29.6,	41.4,	29.0,	-1;
ROME_AARON,	27,	414:01,	0,	5,	2,	15,	21,	40,	0.0,	35.7,	2.03,	3.62,	9.33,	89.84,	2.69,	2.66,	50.3,	2.50,	2.43,	24.5,	40.2,	35.3,	-1;
ROZSIVAL_MICHAL,	27,	489:01,	0,	12,	4,	13,	27,	43,	0.0,	40.0,	3.68,	1.59,	10.99,	92.40,	2.81,	1.97,	58.8,	2.39,	2.54,	43.9,	25.3,	30.8,	-1;
RUHWEDEL_CHAD,	7,	99:23,	0,	0,	0,	8,	10,	14,	0.0,	0.0,	1.81,	1.81,	8.57,	94.74,	2.38,	2.68,	47.0,	2.67,	2.54,	31.5,	28.3,	40.2,	-1;
RUNDBLAD_DAVID,	8,	109:52,	0,	1,	1,	9,	14,	21,	0.0,	50.0,	1.09,	4.37,	3.33,	84.31,	2.64,	2.39,	52.5,	2.28,	2.71,	56.7,	11.3,	32.0,	-1;
RUSSELL_KRIS,	33,	529:36,	1,	6,	3,	41,	56,	78,	4.3,	26.1,	2.61,	1.70,	9.24,	93.33,	2.26,	2.42,	48.2,	2.49,	2.46,	36.6,	28.1,	35.3,	-1;
SALO_SAMI,	46,	965:19,	2,	15,	4,	48,	65,	99,	4.2,	31.2,	2.98,	2.98,	12.15,	90.06,	3.26,	3.07,	51.5,	2.80,	2.69,	27.7,	36.8,	35.5,	-1;
SALVADOR_BRYCE,	39,	831:40,	0,	2,	2,	29,	42,	81,	0.0,	13.3,	1.08,	3.17,	4.90,	89.62,	2.73,	2.23,	55.0,	2.90,	2.69,	22.1,	39.7,	38.2,	-1;
SANGUINETTI_BOBBY,	37,	545:51,	2,	4,	3,	48,	64,	93,	10.0,	20.0,	2.20,	3.08,	6.41,	89.71,	2.56,	3.14,	44.9,	2.66,	2.54,	37.7,	29.4,	32.9,	-1;
SARICH_CORY,	28,	416:07,	0,	2,	1,	14,	20,	38,	0.0,	20.0,	1.44,	3.03,	5.78,	89.66,	2.66,	3.17,	45.6,	2.53,	2.42,	24.2,	41.1,	34.7,	-1;
SBISA_LUCA,	41,	813:12,	1,	7,	3,	39,	59,	100,	2.9,	20.6,	2.51,	2.66,	9.97,	90.24,	2.70,	2.16,	55.5,	2.51,	2.44,	31.0,	32.6,	36.4,	-1;
SCANDELLA_MARCO,	6,	86:33,	1,	0,	0,	7,	9,	13,	25.0,	0.0,	2.77,	4.16,	9.52,	85.71,	2.15,	2.47,	46.6,	2.56,	2.27,	27.4,	38.1,	34.5,	-1;
SCHENN_LUKE,	47,	1027:33,	3,	8,	2,	81,	104,	161,	7.1,	19.0,	2.45,	2.74,	8.86,	90.17,	3.30,	2.80,	54.1,	2.82,	2.57,	25.1,	39.2,	35.7,	-1;
SCHLEMKO_DAVID,	30,	516:31,	1,	5,	0,	35,	58,	82,	4.3,	21.7,	2.67,	1.86,	8.95,	93.28,	2.58,	2.54,	50.4,	2.58,	2.40,	38.0,	30.0,	31.9,	-1;
SCHULTZ_JEFF,	26,	370:40,	0,	3,	2,	12,	16,	35,	0.0,	30.0,	1.62,	3.40,	6.94,	89.55,	3.12,	2.37,	56.9,	2.57,	2.68,	27.6,	41.8,	30.7,	-1;
SCHULTZ_JUSTIN,	48,	1029:35,	8,	19,	4,	85,	126,	190,	16.3,	38.8,	2.86,	3.15,	9.76,	89.73,	2.53,	2.23,	53.1,	2.46,	2.48,	37.7,	29.1,	33.2,	-1;
SCHULTZ_NICK,	48,	894:21,	1,	8,	3,	33,	47,	68,	3.7,	29.6,	1.81,	3.29,	7.44,	90.56,	3.19,	2.25,	58.6,	2.54,	2.47,	27.5,	37.0,	35.5,	-1;
SCUDERI_ROB,	48,	1046:04,	1,	11,	3,	33,	47,	73,	2.5,	27.5,	2.29,	3.61,	9.17,	88.77,	3.14,	1.60,	66.3,	2.63,	2.48,	27.1,	42.1,	30.8,	-1;
SEABROOK_BRENT,	47,	1033:57,	8,	12,	5,	65,	91,	148,	15.4,	23.1,	3.02,	2.38,	9.58,	91.77,	3.39,	1.69,	66.7,	2.49,	2.47,	37.1,	27.5,	35.4,	-1;
SEIDENBERG_DENNIS,	46,	1094:28,	4,	13,	4,	83,	118,	183,	7.8,	25.5,	2.80,	2.19,	8.73,	92.25,	2.54,	2.11,	54.7,	2.74,	2.61,	29.3,	40.4,	30.3,	-1;
SEKERA_ANDREJ,	37,	784:42,	2,	10,	3,	33,	48,	85,	6.9,	34.5,	2.22,	2.68,	8.36,	92.66,	2.47,	2.68,	48.0,	2.79,	2.60,	29.2,	35.9,	34.9,	-1;
SHATTENKIRK_KEVIN,	48,	1021:28,	5,	18,	7,	84,	124,	189,	11.4,	40.9,	2.58,	2.12,	8.71,	90.53,	2.54,	2.54,	50.0,	2.55,	2.44,	43.9,	25.6,	30.5,	-1;
SMID_LADISLAV,	48,	975:18,	1,	3,	0,	30,	52,	72,	3.0,	9.1,	2.03,	2.83,	8.55,	92.12,	2.82,	2.48,	53.2,	2.61,	2.47,	24.6,	42.3,	33.0,	-1;
SMITH_BRENDAN,	34,	625:38,	0,	8,	1,	33,	50,	87,	0.0,	50.0,	1.53,	1.73,	5.05,	93.05,	2.89,	2.40,	54.6,	2.58,	2.46,	38.1,	29.4,	32.5,	-1;
SMITH_DEREK,	22,	269:24,	0,	1,	0,	18,	24,	32,	0.0,	50.0,	0.45,	2.00,	1.59,	92.80,	2.75,	3.28,	45.6,	2.33,	2.36,	34.3,	30.6,	35.1,	-1;
SOURAY_SHELDON,	44,	920:53,	7,	10,	2,	80,	107,	167,	13.0,	18.5,	3.52,	2.48,	12.53,	91.34,	2.63,	2.34,	52.9,	2.60,	2.45,	31.1,	38.7,	30.1,	-1;
SPURGEON_JARED,	39,	840:12,	5,	10,	6,	67,	92,	140,	12.8,	25.6,	2.79,	2.36,	8.46,	90.70,	2.31,	2.68,	46.2,	2.56,	2.52,	38.7,	28.7,	32.5,	-1;
STAAL_MARC,	21,	513:36,	2,	9,	4,	20,	40,	71,	8.3,	37.5,	2.80,	2.45,	10.17,	92.05,	2.53,	2.11,	54.4,	2.87,	2.56,	32.6,	33.8,	33.6,	-1;
STONE_MICHAEL,	40,	667:28,	5,	4,	3,	51,	73,	105,	19.2,	15.4,	2.34,	2.61,	7.69,	91.52,	2.59,	2.39,	52.0,	2.56,	2.42,	30.7,	34.2,	35.2,	-1;
STONER_CLAYTON,	48,	874:18,	0,	10,	2,	40,	59,	93,	0.0,	33.3,	2.06,	2.40,	8.93,	91.94,	2.58,	2.70,	48.8,	2.58,	2.50,	25.1,	35.2,	39.6,	-1;
STRACHAN_TYSON,	38,	720:27,	0,	4,	2,	42,	61,	95,	0.0,	20.0,	1.67,	3.66,	5.83,	87.88,	2.48,	3.26,	43.1,	2.74,	2.65,	29.5,	30.9,	39.6,	-1;
STRAIT_BRIAN,	19,	325:56,	0,	4,	1,	13,	21,	30,	0.0,	21.1,	3.50,	2.94,	12.10,	90.86,	2.78,	2.67,	51.1,	2.67,	2.53,	31.2,	28.2,	40.5,	-1;
STRALMAN_ANTON,	48,	866:18,	4,	4,	2,	66,	90,	149,	9.3,	9.3,	2.98,	2.01,	9.31,	92.01,	2.40,	2.17,	52.5,	2.65,	2.65,	37.9,	27.6,	34.5,	-1;
STREIT_MARK,	48,	1121:26,	6,	21,	8,	83,	120,	206,	10.7,	37.5,	3.00,	2.73,	9.03,	89.74,	2.82,	2.69,	51.2,	2.62,	2.59,	44.0,	25.1,	30.8,	-1;
STUART_BRAD,	48,	981:58,	0,	6,	2,	39,	69,	131,	0.0,	17.1,	2.14,	2.63,	8.22,	92.18,	2.55,	2.13,	54.4,	2.66,	2.45,	26.3,	41.9,	31.9,	-1;
STUART_MARK,	42,	701:33,	2,	2,	1,	40,	66,	115,	8.7,	8.7,	1.97,	2.40,	8.98,	91.62,	2.54,	2.87,	47.0,	2.69,	2.61,	24.1,	41.8,	34.2,	-1;
SUBBAN_PK.,	42,	974:00,	11,	27,	13,	126,	168,	247,	16.7,	40.9,	4.07,	2.09,	11.68,	90.34,	2.65,	2.71,	49.4,	2.69,	2.58,	42.9,	27.5,	29.6,	-1;
SULZER_ALEXANDER,	17,	280:55,	3,	1,	0,	15,	21,	31,	25.0,	8.3,	2.56,	2.56,	8.57,	91.89,	2.64,	2.71,	49.3,	2.79,	2.60,	31.5,	29.7,	38.7,	-1;
SUMMERS_CHRIS,	6,	75:55,	0,	0,	0,	5,	6,	9,	0.0,	0.0,	1.58,	3.95,	6.06,	91.38,	2.42,	2.58,	48.4,	2.60,	2.54,	21.9,	35.6,	42.5,	-1;
SUTER_RYAN,	48,	1307:16,	4,	28,	9,	91,	122,	193,	6.3,	44.4,	2.89,	2.48,	9.36,	90.71,	2.19,	2.63,	45.4,	2.64,	2.50,	38.1,	33.7,	28.2,	-1;
TALLINDER_HENRIK,	25,	439:16,	1,	3,	1,	22,	36,	76,	8.3,	25.0,	1.64,	1.91,	5.85,	90.34,	2.40,	2.50,	48.9,	2.66,	2.55,	32.2,	27.0,	40.8,	-1;
TANEV_CHRISTOPHER,	38,	656:59,	2,	5,	1,	20,	34,	58,	10.0,	25.0,	1.83,	1.74,	7.49,	93.38,	2.20,	2.57,	46.2,	2.50,	2.50,	27.7,	38.5,	33.8,	-1;
TENNYSON_MATT,	4,	62:51,	0,	2,	1,	8,	12,	17,	0.0,	40.0,	4.77,	2.86,	10.64,	90.62,	2.28,	2.26,	50.3,	2.36,	2.61,	37.7,	32.8,	29.5,	-1;
TIMONEN_KIMMO,	45,	979:29,	5,	24,	14,	78,	113,	169,	8.1,	38.7,	3.80,	2.57,	11.05,	89.95,	2.35,	3.00,	44.0,	2.82,	2.58,	37.8,	30.6,	31.6,	-1;
TINORDI_JARRED,	8,	93:42,	0,	2,	1,	5,	7,	13,	0.0,	28.6,	4.48,	1.28,	12.07,	94.44,	2.90,	2.48,	53.9,	2.52,	2.53,	37.8,	22.0,	40.2,	-1;
TYUTIN_FEDOR,	48,	1156:44,	4,	18,	13,	56,	87,	137,	8.2,	36.7,	2.54,	2.49,	9.96,	91.18,	2.31,	2.23,	50.8,	2.65,	2.48,	31.3,	34.7,	34.0,	-1;
VATANEN_SAMI,	8,	126:33,	2,	0,	0,	6,	7,	12,	28.6,	0.0,	3.32,	0.47,	10.61,	98.00,	2.74,	2.36,	53.7,	2.30,	2.61,	43.9,	23.7,	32.4,	-1;
VISNOVSKY_LUBOMIR,	35,	798:11,	3,	11,	3,	69,	87,	143,	6.1,	22.4,	3.68,	1.88,	10.21,	91.29,	2.38,	3.10,	43.4,	2.63,	2.62,	43.0,	23.3,	33.8,	-1;
VLASIC_MARC-EDOUARD,	48,	999:35,	3,	4,	2,	59,	90,	138,	7.9,	10.5,	2.28,	2.10,	8.14,	92.57,	2.47,	2.20,	52.9,	2.65,	2.45,	28.5,	38.9,	32.6,	-1;
VOLCHENKOV_ANTON,	37,	593:57,	1,	4,	1,	38,	57,	77,	5.6,	22.2,	1.82,	3.54,	7.09,	86.89,	2.25,	2.21,	50.4,	2.80,	2.56,	26.6,	40.9,	32.5,	-1;
VOYNOV_SLAVA,	48,	1070:35,	6,	19,	9,	79,	124,	196,	11.1,	35.2,	3.03,	2.30,	9.94,	90.60,	2.39,	2.62,	47.8,	2.57,	2.48,	36.7,	32.2,	31.2,	-1;
WEAVER_MIKE,	27,	543:44,	1,	8,	3,	21,	28,	44,	5.3,	42.1,	2.10,	4.19,	9.27,	87.82,	2.36,	3.19,	42.5,	2.96,	2.51,	23.6,	40.4,	36.0,	-1;
WEBER_MIKE,	42,	771:16,	1,	6,	1,	25,	38,	59,	4.0,	24.0,	1.95,	2.88,	9.29,	91.76,	2.43,	2.60,	48.3,	2.77,	2.54,	24.1,	44.7,	31.2,	-1;
WEBER_SHEA,	48,	1243:01,	9,	19,	8,	124,	176,	239,	15.5,	32.8,	2.80,	2.75,	9.62,	89.60,	1.89,	2.54,	42.6,	2.67,	2.40,	34.0,	34.3,	31.8,	-1;
WEBER_YANNICK,	6,	82:30,	0,	2,	1,	3,	5,	16,	0.0,	66.7,	2.18,	2.91,	7.32,	89.19,	3.09,	2.48,	55.5,	2.60,	2.60,	30.1,	31.5,	38.4,	-1;
WHITE_IAN,	25,	489:35,	2,	2,	1,	27,	54,	86,	10.5,	10.5,	2.33,	1.35,	7.60,	94.88,	2.56,	2.33,	52.3,	2.48,	2.45,	43.3,	26.9,	29.8,	-1;
WHITNEY_RYAN,	34,	628:14,	4,	9,	2,	29,	33,	56,	13.8,	31.0,	2.77,	2.77,	10.70,	91.55,	2.67,	2.50,	51.7,	2.43,	2.48,	38.1,	33.0,	28.9,	-1;
WIDEMAN_DENNIS,	46,	1150:58,	6,	16,	6,	94,	145,	217,	9.7,	25.8,	3.23,	3.28,	11.21,	88.67,	2.40,	3.04,	44.2,	2.55,	2.43,	36.6,	36.1,	27.4,	-1;
WIERCIOCH_PATRICK,	42,	659:08,	5,	14,	10,	81,	105,	167,	14.3,	40.0,	3.19,	1.09,	8.06,	95.74,	2.16,	2.25,	49.0,	2.53,	2.61,	47.9,	22.0,	30.1,	-1;
WILSON_RYAN,	12,	222:02,	0,	3,	0,	23,	33,	46,	0.0,	33.3,	2.43,	3.24,	7.09,	89.38,	2.46,	3.00,	45.0,	2.59,	2.47,	29.4,	39.4,	31.2,	-1;
WISNIEWSKI_JAMES,	30,	684:45,	5,	9,	5,	62,	86,	137,	15.6,	28.1,	2.80,	2.19,	8.84,	92.06,	2.26,	2.29,	49.7,	2.57,	2.47,	40.9,	27.1,	32.0,	-1;
YANDLE_KEITH,	48,	1067:52,	10,	20,	11,	130,	185,	273,	19.2,	38.5,	2.92,	1.74,	8.27,	93.47,	2.26,	2.87,	44.1,	2.51,	2.46,	47.1,	24.0,	28.9,	-1;
YONKMAN_NOLAN,	7,	68:23,	0,	0,	0,	4,	8,	8,	0.0,	0.0,	1.75,	2.63,	10.53,	91.18,	2.14,	3.31,	39.3,	2.41,	2.56,	30.4,	32.1,	37.5,	-1;
ZANON_GREG,	44,	850:35,	0,	7,	3,	40,	60,	86,	0.0,	33.3,	1.48,	3.31,	6.23,	90.49,	2.77,	2.81,	49.6,	2.58,	2.44,	28.0,	38.1,	33.9,	-1;
ZIDLICKY_MAREK,	48,	1007:44,	4,	15,	6,	101,	146,	232,	10.0,	37.5,	2.38,	2.14,	6.98,	89.66,	2.16,	2.54,	45.9,	2.68,	2.67,	44.2,	20.0,	35.8,	-1;
