ANDERSON_CRAIG,	17,	934,	2.31,	2.25,	50.7,	93.46,	2.78,	2.69,	-1;
AUBIN_J-SEBASTIEN,	19,	822,	2.70,	3.21,	45.7,	88.51,	2.62,	2.49,	-1;
AULD_ALEX,	32,	1722,	2.16,	2.68,	44.6,	90.69,	2.78,	2.60,	-1;
BACKSTROM_NIKLAS,	57,	3302,	2.56,	2.34,	52.2,	91.79,	2.69,	2.56,	-1;
BERNIER_JONATHAN,	4,	238,	3.52,	4.28,	45.2,	85.71,	2.65,	2.39,	-1;
BIRON_MARTIN,	62,	3479,	2.85,	2.62,	52.0,	91.72,	2.71,	2.61,	-1;
BOUCHER_BRIAN,	5,	238,	2.27,	1.76,	56.2,	93.20,	2.58,	2.61,	-1;
BRODEUR_MARTIN,	77,	4535,	2.29,	2.21,	50.9,	91.84,	2.80,	2.66,	1;
BRYZGALOV_ILYA,	63,	3515,	2.32,	2.46,	48.6,	91.92,	2.74,	2.51,	-1;
BUDAJ_PETER,	35,	1911,	2.95,	2.57,	53.4,	90.34,	2.66,	2.51,	-1;
CLOUTIER_DAN,	9,	489,	2.45,	3.43,	41.7,	88.66,	2.59,	2.46,	-1;
CONKLIN_TY,	33,	1865,	2.90,	2.51,	53.6,	92.30,	2.72,	2.64,	-1;
CRAWFORD_COREY,	5,	224,	2.14,	2.14,	50.0,	92.86,	2.88,	2.30,	-1;
DENIS_MARC,	10,	414,	2.75,	4.05,	40.4,	85.93,	2.80,	2.61,	-1;
DIPIETRO_RICK,	63,	3697,	2.29,	2.81,	44.9,	90.24,	2.80,	2.60,	1;
DUBIELEWICZ_WADE,	20,	1132,	2.28,	2.70,	45.7,	91.87,	2.75,	2.61,	-1;
ELLIS_DAN,	44,	2228,	2.67,	2.29,	53.8,	92.56,	2.77,	2.57,	-1;
EMERY_RAY,	31,	1687,	2.88,	3.13,	47.9,	88.94,	2.77,	2.63,	-1;
ERSBERG_ERIK,	14,	798,	2.48,	2.48,	50.0,	92.70,	2.77,	2.44,	-1;
FERNANDEZ_MANNY,	4,	224,	2.68,	4.28,	38.5,	80.95,	2.82,	2.62,	-1;
FLEURY_MARC-ANDRE,	35,	1837,	2.91,	2.35,	55.3,	92.00,	2.65,	2.56,	-1;
GARON_MATHIEU,	47,	2650,	2.56,	2.65,	49.1,	91.36,	2.66,	2.53,	-1;
GERBER_MARTIN,	57,	3197,	3.19,	2.72,	54.0,	91.04,	2.76,	2.58,	-1;
GIGUERE_JEAN-SEBASTIEN,	58,	3265,	2.39,	2.13,	52.8,	92.21,	2.75,	2.59,	-1;
GRAHAME_JOHN,	17,	827,	2.54,	3.70,	40.7,	87.41,	2.73,	2.66,	-1;
HALAK_JAROSLAV,	6,	284,	2.95,	2.11,	58.3,	93.38,	2.56,	2.77,	-1;
HARDING_JOSH,	29,	1510,	2.46,	2.94,	45.6,	90.69,	2.73,	2.54,	-1;
HASEK_DOMINIK,	41,	2346,	3.09,	2.15,	59.0,	90.16,	2.71,	2.56,	-1;
HEDBERG_JOHAN,	36,	1927,	2.21,	3.46,	39.0,	89.18,	2.75,	2.63,	-1;
HILLER_JONAS,	23,	1223,	2.11,	2.06,	50.6,	92.72,	2.74,	2.58,	-1;
HOLMQVIST_JOHAN,	47,	2547,	2.97,	3.04,	49.4,	88.92,	2.75,	2.65,	-1;
HOWARD_JIMMY,	4,	197,	1.22,	2.13,	36.4,	92.63,	2.68,	2.51,	-1;
HUET_CRISTOBAL,	51,	2948,	3.25,	2.30,	58.6,	92.13,	2.74,	2.66,	-1;
JOHNSON_BRENT,	19,	1032,	2.33,	2.67,	46.5,	90.80,	2.73,	2.72,	-1;
JOSEPH_CURTIS,	9,	399,	2.85,	2.55,	52.8,	90.61,	2.53,	2.51,	-1;
KHABIBULIN_NIKOLAI,	50,	2871,	2.90,	2.63,	52.4,	90.83,	2.72,	2.49,	-1;
KIPRUSOFF_MIIKKA,	76,	4378,	2.75,	2.69,	50.6,	90.59,	2.69,	2.53,	-1;
KOLZIG_OLAF,	54,	3153,	2.83,	2.89,	49.5,	89.31,	2.76,	2.69,	-1;
LABARBERA_JASON,	45,	2395,	2.53,	3.03,	45.5,	90.90,	2.66,	2.47,	-1;
LALIME_PATRICK,	32,	1827,	2.69,	2.82,	48.8,	89.69,	2.62,	2.58,	-1;
LECLAIRE_PASCAL,	54,	2965,	2.33,	2.23,	51.1,	91.93,	2.75,	2.58,	-1;
LEGACE_MANNY,	66,	3645,	2.44,	2.42,	50.2,	91.04,	2.75,	2.51,	1;
LEHTONEN_KARI,	48,	2706,	2.42,	2.90,	45.4,	91.60,	2.76,	2.62,	-1;
LUNDQVIST_HENRIK,	72,	4279,	2.47,	2.20,	52.8,	91.30,	2.77,	2.64,	-1;
LUONGO_ROBERTO,	73,	4170,	2.42,	2.37,	50.4,	91.72,	2.72,	2.57,	1;
MASON_CHRIS,	51,	2671,	2.65,	2.90,	47.8,	89.79,	2.65,	2.47,	-1;
MILLER_RYAN,	76,	4463,	2.97,	2.65,	52.9,	90.57,	2.76,	2.64,	-1;
NABOKOV_EVGENI,	77,	4475,	2.59,	2.15,	54.7,	90.92,	2.73,	2.56,	1;
NIITTYMAKI_ANTERO,	28,	1385,	2.86,	2.86,	50.0,	90.77,	2.67,	2.64,	-1;
NORRENA_FREDRIK,	37,	1939,	2.26,	2.69,	45.6,	89.68,	2.77,	2.56,	-1;
OSGOOD_CHRIS,	43,	2407,	3.02,	2.07,	59.3,	91.48,	2.67,	2.60,	1;
PAVELEC_ONDREJ,	7,	347,	3.46,	3.11,	52.6,	90.53,	2.79,	2.76,	-1;
PRICE_CAREY,	41,	2388,	2.81,	2.56,	52.3,	91.98,	2.80,	2.61,	-1;
RAMO_KARRI,	22,	1268,	2.55,	2.98,	46.2,	90.02,	2.79,	2.59,	-1;
RASK_TUUKKA,	4,	184,	3.90,	3.25,	54.5,	88.64,	2.90,	2.70,	-1;
RAYCROFT_ANDREW,	19,	944,	2.54,	3.94,	39.2,	87.53,	2.84,	2.62,	-1;
ROLOSON_DWAYNE,	43,	2320,	2.61,	3.05,	46.1,	90.13,	2.71,	2.48,	-1;
SABOURIN_DANY,	24,	1201,	2.70,	2.70,	50.0,	90.75,	2.79,	2.66,	-1;
SANFORD_CURTIS,	16,	665,	2.34,	2.88,	44.8,	89.47,	2.62,	2.55,	-1;
SMITH_MIKE,	34,	1945,	2.44,	2.59,	48.5,	90.08,	2.66,	2.58,	-1;
TELLQVIST_MIKAEL,	22,	1224,	2.70,	2.75,	49.5,	90.74,	2.71,	2.54,	-1;
THEODORE_JOSE,	53,	3028,	2.46,	2.42,	50.4,	91.07,	2.71,	2.55,	-1;
THIBAULT_JOCELYN,	12,	506,	2.85,	3.32,	46.2,	87.10,	2.74,	2.67,	-1;
THOMAS_TIM,	57,	3341,	2.51,	2.41,	51.1,	92.25,	2.82,	2.66,	1;
TOIVONEN_HANNU,	23,	1202,	2.29,	3.39,	40.4,	87.96,	2.66,	2.58,	-1;
TOSKALA_VESA,	66,	3777,	2.80,	2.75,	50.4,	90.36,	2.76,	2.61,	-1;
TURCO_MARTY,	62,	3623,	2.78,	2.32,	54.5,	90.90,	2.68,	2.49,	-1;
VALIQUETTE_STEVE,	13,	685,	2.19,	2.19,	50.0,	91.55,	2.81,	2.73,	-1;
VOKOUN_TOMAS,	69,	3990,	2.53,	2.63,	49.0,	92.02,	2.79,	2.71,	1;
WARD_CAM,	68,	3870,	3.05,	2.73,	52.8,	90.38,	2.73,	2.64,	-1;
WEEKES_KEVIN,	9,	343,	2.62,	2.97,	46.9,	89.38,	2.66,	2.60,	-1;
ANDERSON_CRAIG,	31,	1635,	2.93,	2.71,	51.9,	92.43,	2.84,	2.71,	-1;
AULD_ALEX,	43,	2449,	2.45,	2.45,	50.0,	91.22,	2.89,	2.72,	-1;
BACKSTROM_NIKLAS,	71,	4082,	2.65,	2.34,	53.1,	92.27,	2.85,	2.71,	-1;
BIRON_MARTIN,	55,	3156,	3.02,	2.76,	52.3,	91.50,	2.84,	2.71,	-1;
BISHOP_BEN,	6,	244,	2.69,	2.94,	47.8,	89.29,	2.94,	2.58,	-1;
BOUCHER_BRIAN,	22,	1286,	2.98,	2.19,	57.7,	91.58,	2.77,	2.69,	-1;
BRODEUR_MARTIN,	31,	1813,	2.71,	2.42,	52.9,	91.60,	2.88,	2.80,	-1;
BRYZGALOV_ILYA,	64,	3699,	2.46,	3.02,	45.0,	90.50,	2.84,	2.64,	-1;
BUDAJ_PETER,	56,	3191,	2.07,	2.76,	42.8,	90.25,	2.84,	2.68,	-1;
CLEMMENSEN_SCOTT,	40,	2355,	2.85,	2.34,	54.9,	91.89,	2.88,	2.68,	-1;
CLIMIE_MATT,	3,	184,	2.60,	2.93,	47.1,	89.41,	2.43,	2.51,	-1;
CONKLIN_TY,	39,	2162,	3.66,	2.41,	60.3,	91.19,	2.86,	2.62,	-1;
DANIS_YANN,	31,	1760,	2.08,	2.83,	42.4,	91.08,	2.86,	2.72,	-1;
DIPIETRO_RICK,	5,	255,	2.34,	3.52,	40.0,	89.21,	2.79,	2.90,	-1;
DROUIN-DESLAURIERS_JEFF,	10,	534,	3.14,	3.37,	48.3,	90.00,	2.98,	2.76,	-1;
ELLIOTT_BRIAN,	31,	1667,	2.84,	2.77,	50.6,	90.20,	2.90,	2.76,	-1;
ELLIS_DAN,	35,	1964,	2.38,	2.93,	44.8,	90.03,	2.87,	2.68,	-1;
ERSBERG_ERIK,	28,	1477,	2.48,	2.64,	48.4,	90.02,	2.81,	2.76,	-1;
FERNANDEZ_MANNY,	28,	1644,	3.61,	2.59,	58.2,	91.01,	2.82,	2.77,	-1;
FLEURY_MARC-ANDRE,	62,	3636,	3.04,	2.67,	53.2,	91.23,	2.86,	2.73,	-1;
GARON_MATHIEU,	19,	1020,	2.82,	3.06,	48.0,	89.62,	2.79,	2.76,	-1;
GERBER_MARTIN,	26,	1544,	2.72,	3.03,	47.3,	90.23,	2.91,	2.76,	-1;
GIGUERE_JEAN-SEBASTIEN,	46,	2451,	2.72,	3.11,	46.6,	90.02,	2.86,	2.72,	-1;
HALAK_JAROSLAV,	34,	1930,	3.17,	2.86,	52.6,	91.46,	2.85,	2.71,	-1;
HARDING_JOSH,	19,	849,	2.19,	2.19,	50.0,	92.97,	2.89,	2.72,	-1;
HEDBERG_JOHAN,	33,	1711,	3.40,	3.50,	49.2,	88.56,	2.86,	2.71,	-1;
HILLER_JONAS,	46,	2480,	2.90,	2.40,	54.8,	91.85,	2.73,	2.63,	-1;
HUET_CRISTOBAL,	41,	2330,	2.91,	2.55,	53.3,	90.83,	2.83,	2.63,	-1;
JOHNSON_BRENT,	21,	1131,	3.45,	2.81,	55.1,	90.83,	2.74,	2.73,	-1;
JOSEPH_CURTIS,	20,	835,	2.73,	3.59,	43.2,	86.88,	2.87,	2.81,	-1;
KHABIBULIN_NIKOLAI,	42,	2445,	3.19,	2.33,	57.8,	91.94,	2.87,	2.70,	-1;
KIPRUSOFF_MIIKKA,	76,	4417,	3.08,	2.83,	52.2,	90.34,	2.78,	2.67,	-1;
KOLZIG_OLAF,	8,	410,	2.49,	3.66,	40.5,	89.80,	2.89,	2.74,	-1;
LABARBERA_JASON,	27,	1421,	2.41,	2.74,	46.7,	90.21,	2.83,	2.74,	-1;
LALIME_PATRICK,	24,	1296,	2.41,	3.10,	43.7,	89.97,	2.83,	2.77,	-1;
LECLAIRE_PASCAL,	12,	673,	3.12,	3.83,	44.9,	86.73,	2.82,	2.68,	-1;
LEGACE_MANNY,	29,	1447,	3.15,	3.19,	49.7,	88.49,	2.87,	2.62,	-1;
LEHTONEN_KARI,	46,	2624,	2.72,	3.04,	47.2,	91.10,	2.87,	2.72,	-1;
LEIGHTON_MICHAEL,	19,	1028,	2.27,	2.86,	44.3,	90.30,	2.90,	2.68,	-1;
LUNDQVIST_HENRIK,	70,	4147,	2.40,	2.43,	49.7,	91.63,	2.93,	2.73,	-1;
LUONGO_ROBERTO,	53,	3136,	3.04,	2.30,	57.0,	92.08,	2.78,	2.69,	-1;
MACDONALD_JOEY,	49,	2767,	2.38,	3.38,	41.3,	90.09,	2.90,	2.71,	-1;
MASON_CHRIS,	57,	3214,	2.44,	2.41,	50.4,	91.65,	2.82,	2.67,	-1;
MASON_STEVE,	61,	3661,	2.47,	2.29,	51.9,	91.56,	2.89,	2.69,	-1;
MCELHINNEY_CURTIS,	13,	454,	1.85,	3.57,	34.2,	88.80,	2.76,	2.75,	-1;
MCKENNA_MIKE,	15,	775,	2.55,	3.56,	41.8,	88.67,	2.93,	2.87,	-1;
MILLER_RYAN,	59,	3373,	2.92,	2.56,	53.2,	91.73,	2.92,	2.74,	-1;
MONTOYA_AL,	5,	259,	2.31,	2.08,	52.6,	92.50,	2.38,	2.60,	-1;
NABOKOV_EVGENI,	62,	3681,	2.97,	2.43,	55.0,	91.02,	2.81,	2.71,	-1;
NEUVIRTH_MICHAL,	5,	219,	3.27,	2.73,	54.5,	90.10,	2.88,	2.91,	-1;
NIITTYMAKI_ANTERO,	32,	1804,	3.16,	2.76,	53.4,	91.23,	2.89,	2.67,	-1;
NORRENA_FREDRIK,	8,	323,	2.41,	3.16,	43.3,	87.22,	2.75,	2.78,	-1;
OSGOOD_CHRIS,	46,	2662,	3.27,	3.06,	51.6,	88.73,	2.75,	2.68,	-1;
PAVELEC_ONDREJ,	12,	599,	2.70,	3.60,	42.9,	88.04,	2.83,	2.71,	-1;
POGGE_JUSTIN,	7,	371,	2.91,	4.36,	40.0,	84.39,	2.86,	2.59,	-1;
PRICE_CAREY,	52,	3005,	2.69,	2.83,	48.7,	90.54,	2.90,	2.73,	-1;
QUICK_JONATHAN,	44,	2484,	2.39,	2.49,	49.0,	91.38,	2.88,	2.64,	-1;
RAMO_KARRI,	24,	1306,	2.39,	3.63,	39.7,	89.49,	2.94,	2.68,	-1;
RAYCROFT_ANDREW,	31,	1717,	2.48,	3.11,	44.4,	89.29,	2.87,	2.68,	-1;
RINNE_PEKKA,	52,	2979,	2.54,	2.40,	51.4,	91.67,	2.88,	2.69,	-1;
ROLOSON_DWAYNE,	63,	3591,	2.74,	2.77,	49.7,	91.48,	2.82,	2.65,	-1;
SABOURIN_DANY,	19,	989,	2.30,	2.85,	44.7,	89.85,	2.89,	2.61,	-1;
SANFORD_CURTIS,	19,	972,	2.47,	2.59,	48.8,	90.62,	2.96,	2.62,	-1;
SCHNEIDER_CORY,	8,	355,	2.70,	3.38,	44.4,	87.65,	2.76,	2.65,	-1;
SMITH_MIKE,	41,	2466,	2.41,	2.63,	47.8,	91.56,	2.84,	2.67,	-1;
STEPHAN_TOBIAS,	10,	437,	2.06,	3.70,	35.7,	87.02,	2.79,	2.58,	-1;
TELLQVIST_MIKAEL,	21,	1007,	2.74,	2.62,	51.1,	91.52,	2.83,	2.74,	-1;
THEODORE_JOSE,	57,	3263,	3.03,	2.85,	51.6,	90.10,	2.83,	2.71,	-1;
THOMAS_TIM,	54,	3257,	3.08,	2.10,	59.4,	93.27,	2.90,	2.72,	1;
TOSKALA_VESA,	53,	3016,	2.77,	3.30,	45.6,	88.90,	2.83,	2.67,	-1;
TURCO_MARTY,	74,	4307,	2.70,	2.83,	48.9,	89.76,	2.85,	2.68,	-1;
VALIQUETTE_STEVE,	15,	803,	2.02,	2.76,	42.2,	90.95,	2.93,	2.84,	-1;
VARLAMOV_SEMYON,	6,	328,	3.65,	2.37,	60.6,	91.82,	2.85,	2.85,	-1;
VOKOUN_TOMAS,	59,	3319,	2.51,	2.50,	50.2,	92.56,	2.90,	2.79,	-1;
WARD_CAM,	68,	3908,	2.92,	2.41,	54.8,	91.63,	2.89,	2.77,	-1;
WEEKES_KEVIN,	16,	789,	2.66,	2.43,	52.2,	91.94,	2.78,	2.90,	-1;
ANDERSON_CRAIG,	51,	2860,	2.52,	2.83,	47.1,	91.25,	2.69,	2.51,	-1;
AULD_ALEX,	16,	748,	2.88,	2.56,	52.9,	91.62,	2.62,	2.66,	-1;
BACKSTROM_NIKLAS,	51,	2977,	2.40,	2.64,	47.6,	91.63,	2.82,	2.65,	-1;
BERNIER_JONATHAN,	25,	1378,	2.79,	2.48,	52.9,	91.26,	2.68,	2.58,	-1;
BIRON_MARTIN,	17,	927,	2.52,	2.13,	54.2,	92.25,	2.70,	2.73,	-1;
BISHOP_BEN,	7,	368,	2.93,	2.77,	51.4,	89.88,	2.76,	2.90,	-1;
BOBROVSKY_SERGEI,	54,	2997,	3.26,	2.52,	56.4,	91.69,	2.69,	2.59,	-1;
BOUCHER_BRIAN,	34,	1884,	2.61,	2.42,	51.9,	91.57,	2.61,	2.52,	-1;
BRODEUR_MARTIN,	56,	3116,	2.00,	2.41,	45.4,	90.47,	2.69,	2.63,	-1;
BRYZGALOV_ILYA,	68,	4054,	2.72,	2.49,	52.3,	92.08,	2.76,	2.59,	-1;
BUDAJ_PETER,	45,	2438,	2.73,	3.17,	46.2,	89.53,	2.76,	2.62,	-1;
CLEMMENSEN_SCOTT,	31,	1696,	2.02,	2.58,	43.9,	91.24,	2.69,	2.61,	-1;
CONKLIN_TY,	25,	1285,	3.41,	3.22,	51.4,	88.16,	2.76,	2.63,	-1;
CRAWFORD_COREY,	57,	3331,	2.97,	2.31,	56.3,	91.69,	2.77,	2.63,	-1;
DIPIETRO_RICK,	26,	1533,	2.54,	3.44,	42.5,	88.59,	2.72,	2.54,	-1;
DUBNYK_DEVAN,	35,	2056,	2.42,	2.71,	47.2,	91.55,	2.77,	2.58,	-1;
ELLIOTT_BRIAN,	55,	2983,	2.17,	3.32,	39.6,	89.35,	2.71,	2.65,	-1;
ELLIS_DAN,	44,	2406,	2.92,	2.74,	51.5,	89.87,	2.65,	2.61,	-1;
EMERY_RAY,	10,	527,	2.73,	2.28,	54.5,	92.65,	2.88,	2.60,	-1;
ENROTH_JHONAS,	14,	769,	2.73,	2.73,	50.0,	90.72,	2.65,	2.51,	-1;
FLEURY_MARC-ANDRE,	65,	3695,	2.63,	2.32,	53.1,	91.78,	2.73,	2.61,	-1;
GARON_MATHIEU,	36,	1938,	2.14,	2.72,	44.0,	90.07,	2.78,	2.59,	-1;
GERBER_MARTIN,	3,	185,	2.60,	1.30,	66.7,	95.79,	2.69,	2.77,	-1;
GIGUERE_JEAN-SEBASTIEN,	33,	1633,	2.28,	2.79,	44.9,	90.19,	2.67,	2.62,	-1;
GUSTAVSSON_JONAS,	23,	1242,	2.08,	3.29,	38.7,	89.01,	2.63,	2.53,	-1;
HALAK_JAROSLAV,	57,	3294,	2.55,	2.48,	50.7,	91.04,	2.75,	2.59,	-1;
HEDBERG_JOHAN,	34,	1717,	2.13,	2.38,	47.3,	91.25,	2.81,	2.57,	-1;
HILLER_JONAS,	49,	2671,	2.58,	2.56,	50.2,	92.36,	2.71,	2.61,	-1;
HOLTBY_BRADEN,	14,	735,	2.61,	1.71,	60.4,	93.66,	2.70,	2.65,	-1;
HOWARD_JIMMY,	63,	3615,	3.09,	2.77,	52.7,	90.86,	2.74,	2.57,	-1;
JOHNSON_BRENT,	23,	1296,	2.82,	2.13,	57.0,	92.36,	2.62,	2.64,	-1;
KARLSSON_HENRIK,	17,	834,	3.31,	2.44,	57.5,	91.19,	2.65,	2.75,	-1;
KHABIBULIN_NIKOLAI,	47,	2681,	2.08,	3.42,	37.8,	88.90,	2.72,	2.66,	-1;
KHUDOBIN_ANTON,	4,	188,	2.86,	1.59,	64.3,	94.19,	2.78,	2.71,	-1;
KIPRUSOFF_MIIKKA,	71,	4155,	2.76,	2.63,	51.2,	90.58,	2.75,	2.61,	-1;
KOSKINEN_MIKKO,	4,	207,	4.91,	4.33,	53.1,	87.29,	2.69,	2.48,	-1;
LABARBERA_JASON,	17,	882,	2.52,	3.26,	43.5,	90.91,	2.78,	2.65,	-1;
LALIME_PATRICK,	7,	365,	1.97,	2.96,	40.0,	88.96,	2.70,	2.67,	-1;
LAWSON_NATHAN,	10,	384,	2.03,	4.06,	33.3,	89.30,	2.71,	2.64,	-1;
LECLAIRE_PASCAL,	14,	763,	1.73,	2.83,	37.9,	90.79,	2.71,	2.51,	-1;
LEHNER_ROBIN,	8,	340,	2.64,	3.52,	42.9,	88.76,	2.71,	2.61,	-1;
LEHTONEN_KARI,	69,	4089,	2.67,	2.57,	51.0,	91.38,	2.75,	2.62,	-1;
LINDBACK_ANDERS,	22,	1131,	3.18,	2.60,	55.0,	91.49,	2.79,	2.58,	-1;
LUNDQVIST_HENRIK,	68,	3966,	2.74,	2.28,	54.5,	92.24,	2.71,	2.58,	-1;
LUONGO_ROBERTO,	60,	3579,	2.93,	2.10,	58.3,	92.84,	2.75,	2.63,	-1;
MACDONALD_JOEY,	15,	720,	2.58,	2.50,	50.8,	91.91,	2.72,	2.61,	-1;
MASON_CHRIS,	33,	1681,	2.68,	3.39,	44.1,	89.22,	2.63,	2.58,	-1;
MASON_STEVE,	54,	3026,	2.66,	3.03,	46.7,	90.07,	2.76,	2.60,	-1;
MCELHINNEY_CURTIS,	28,	1394,	2.71,	3.18,	46.0,	89.74,	2.78,	2.58,	-1;
MILLER_RYAN,	66,	3829,	2.98,	2.58,	53.5,	91.59,	2.69,	2.60,	-1;
MONTOYA_AL,	21,	1153,	3.17,	2.39,	57.0,	92.14,	2.67,	2.52,	-1;
NEUVIRTH_MICHAL,	47,	2624,	2.83,	2.49,	53.2,	91.29,	2.68,	2.65,	-1;
NIEMI_ANTTI,	60,	3523,	2.86,	2.38,	54.5,	91.96,	2.78,	2.53,	-1;
NIITTYMAKI_ANTERO,	24,	1414,	2.84,	2.67,	51.5,	89.74,	2.65,	2.79,	-1;
OSGOOD_CHRIS,	11,	628,	3.25,	2.77,	54.0,	90.27,	2.57,	2.65,	-1;
PAVELEC_ONDREJ,	58,	3223,	2.46,	2.70,	47.6,	91.47,	2.72,	2.57,	-1;
PETERS_JUSTIN,	12,	648,	2.41,	3.98,	37.7,	87.43,	2.70,	2.49,	-1;
POULIN_KEVIN,	10,	491,	3.05,	2.44,	55.6,	92.37,	2.57,	2.70,	-1;
PRICE_CAREY,	72,	4206,	2.45,	2.33,	51.3,	92.39,	2.75,	2.59,	-1;
QUICK_JONATHAN,	61,	3590,	2.39,	2.24,	51.6,	91.78,	2.83,	2.67,	-1;
RASK_TUUKKA,	29,	1594,	2.56,	2.63,	49.3,	91.91,	2.65,	2.63,	-1;
RAYCROFT_ANDREW,	19,	847,	2.48,	2.83,	46.7,	91.03,	2.82,	2.56,	-1;
REIMER_JAMES,	37,	2080,	3.00,	2.60,	53.6,	92.06,	2.75,	2.58,	-1;
RINNE_PEKKA,	64,	3789,	2.38,	2.11,	53.0,	93.01,	2.80,	2.69,	-1;
ROLOSON_DWAYNE,	54,	3198,	2.44,	2.55,	48.9,	91.46,	2.67,	2.59,	-1;
SCHNEIDER_CORY,	25,	1371,	3.41,	2.23,	60.5,	92.85,	2.71,	2.72,	-1;
SMITH_MIKE,	22,	1202,	2.89,	2.89,	50.0,	89.93,	2.76,	2.57,	-1;
THEODORE_JOSE,	32,	1792,	2.34,	2.71,	46.4,	91.59,	2.75,	2.61,	-1;
THOMAS_TIM,	57,	3363,	3.09,	1.98,	60.9,	93.86,	2.72,	2.58,	1;
TURCO_MARTY,	30,	1629,	3.02,	3.02,	50.0,	89.72,	2.70,	2.60,	-1;
VARLAMOV_SEMYON,	27,	1560,	2.08,	2.23,	48.2,	92.35,	2.80,	2.59,	-1;
VOKOUN_TOMAS,	57,	3223,	2.33,	2.55,	47.7,	92.18,	2.75,	2.60,	-1;
WARD_CAM,	73,	4238,	2.76,	2.55,	52.0,	92.29,	2.66,	2.59,	-1;
ANDERSON_CRAIG,	63,	3492,	2.92,	2.82,	50.9,	91.44,	2.66,	2.62,	-1;
AULD_ALEX,	14,	645,	2.60,	3.35,	43.8,	88.39,	2.78,	2.43,	-1;
BACHMAN_RICHARD,	18,	928,	2.78,	2.78,	50.0,	90.91,	2.67,	2.43,	-1;
BACKSTROM_NIKLAS,	46,	2589,	1.92,	2.43,	44.1,	91.91,	2.58,	2.62,	-1;
BERNIER_JONATHAN,	16,	890,	2.22,	2.36,	48.5,	90.86,	2.53,	2.52,	-1;
BIRON_MARTIN,	21,	1220,	2.80,	2.41,	53.8,	90.54,	2.71,	2.69,	-1;
BISHOP_BEN,	10,	531,	2.82,	2.48,	53.2,	90.95,	2.69,	2.58,	-1;
BOBROVSKY_SERGEI,	29,	1550,	3.17,	2.98,	51.6,	89.96,	2.74,	2.59,	-1;
BOUCHER_BRIAN,	10,	546,	1.65,	3.40,	32.6,	88.08,	2.71,	2.59,	-1;
BRODEUR_MARTIN,	59,	3387,	2.43,	2.41,	50.2,	90.74,	2.76,	2.61,	-1;
BRYZGALOV_ILYA,	59,	3415,	3.04,	2.46,	55.3,	90.98,	2.67,	2.57,	-1;
BUDAJ_PETER,	17,	1036,	2.26,	2.49,	47.6,	91.50,	2.71,	2.69,	-1;
CLEMMENSEN_SCOTT,	30,	1565,	2.38,	2.57,	48.1,	91.33,	2.74,	2.53,	-1;
CONKLIN_TY,	15,	804,	2.46,	3.28,	42.9,	88.33,	2.49,	2.66,	-1;
CRAWFORD_COREY,	57,	3218,	2.78,	2.72,	50.5,	90.30,	2.60,	2.44,	-1;
DESLAURIERS_JEFF,	4,	241,	3.23,	2.74,	54.2,	90.27,	2.57,	2.44,	-1;
DIPIETRO_RICK,	7,	353,	3.22,	3.73,	46.3,	87.57,	2.72,	2.58,	-1;
DUBNYK_DEVAN,	47,	2653,	2.62,	2.65,	49.8,	91.50,	2.61,	2.50,	-1;
ELLIOTT_BRIAN,	38,	2214,	2.33,	1.57,	59.7,	94.00,	2.78,	2.48,	-1;
ELLIS_DAN,	10,	418,	2.29,	2.72,	45.7,	91.12,	2.56,	2.47,	-1;
EMERY_RAY,	34,	1773,	2.88,	2.81,	50.6,	90.05,	2.55,	2.46,	-1;
ENROTH_JHONAS,	26,	1399,	2.27,	2.66,	46.1,	91.79,	2.79,	2.63,	-1;
FLEURY_MARC-ANDRE,	67,	3891,	3.25,	2.33,	58.3,	91.43,	2.68,	2.51,	-1;
GARON_MATHIEU,	48,	2483,	2.71,	2.85,	48.7,	90.09,	2.60,	2.54,	-1;
GIGUERE_JEAN-SEBASTIEN,	32,	1819,	2.31,	2.27,	50.4,	91.88,	2.59,	2.52,	-1;
GREISS_THOMAS,	19,	1042,	2.82,	2.30,	55.1,	91.53,	2.48,	2.57,	-1;
GUSTAVSSON_JONAS,	42,	2300,	2.90,	2.90,	50.0,	90.31,	2.71,	2.54,	-1;
HACKETT_MATT,	12,	535,	1.34,	2.46,	35.3,	91.91,	2.53,	2.46,	-1;
HALAK_JAROSLAV,	46,	2746,	2.53,	1.97,	56.3,	92.57,	2.56,	2.59,	-1;
HARDING_JOSH,	34,	1849,	1.91,	2.63,	42.1,	91.73,	2.69,	2.38,	-1;
HEDBERG_JOHAN,	27,	1586,	2.84,	2.19,	56.4,	91.87,	2.62,	2.57,	-1;
HILLER_JONAS,	73,	4247,	2.35,	2.56,	47.8,	91.02,	2.59,	2.44,	-1;
HOLTBY_BRADEN,	7,	360,	3.16,	2.50,	55.9,	92.19,	2.70,	2.39,	-1;
HOWARD_JIMMY,	57,	3360,	3.02,	2.09,	59.1,	92.16,	2.62,	2.43,	-1;
IRVING_LELAND,	7,	394,	1.82,	3.19,	36.4,	91.21,	2.73,	2.49,	-1;
JOHNSON_BRENT,	16,	811,	2.88,	3.11,	48.1,	88.30,	2.64,	2.73,	-1;
KARLSSON_HENRIK,	9,	454,	1.98,	3.17,	38.5,	89.96,	2.59,	2.39,	-1;
KHABIBULIN_NIKOLAI,	40,	2255,	2.31,	2.66,	46.5,	91.00,	2.55,	2.45,	-1;
KIPRUSOFF_MIIKKA,	70,	4128,	2.46,	2.34,	51.2,	92.11,	2.59,	2.50,	-1;
LABARBERA_JASON,	19,	994,	2.11,	2.59,	44.9,	90.97,	2.61,	2.45,	-1;
LEHNER_ROBIN,	5,	299,	2.41,	2.01,	54.5,	93.46,	2.69,	2.70,	-1;
LEHTONEN_KARI,	59,	3476,	2.36,	2.33,	50.4,	92.17,	2.56,	2.49,	-1;
LINDBACK_ANDERS,	16,	792,	2.27,	2.42,	48.4,	91.21,	2.55,	2.52,	-1;
LUNDQVIST_HENRIK,	62,	3748,	2.62,	1.97,	57.1,	92.97,	2.77,	2.62,	1;
LUONGO_ROBERTO,	55,	3162,	2.81,	2.39,	54.0,	92.01,	2.57,	2.47,	-1;
MACDONALD_JOEY,	14,	805,	2.53,	2.16,	54.0,	91.21,	2.70,	2.49,	-1;
MARKSTROM_JACOB,	7,	383,	1.72,	2.66,	39.3,	92.34,	2.70,	2.74,	-1;
MASON_CHRIS,	20,	974,	2.34,	2.52,	48.1,	90.10,	2.55,	2.55,	-1;
MASON_STEVE,	46,	2533,	2.42,	3.39,	41.6,	89.45,	2.59,	2.51,	-1;
MILLER_RYAN,	61,	3526,	2.59,	2.54,	50.5,	91.64,	2.69,	2.62,	-1;
MONTOYA_AL,	31,	1719,	2.27,	3.10,	42.2,	89.30,	2.70,	2.66,	-1;
NABOKOV_EVGENI,	42,	2377,	2.35,	2.55,	47.9,	91.37,	2.75,	2.53,	-1;
NEUVIRTH_MICHAL,	38,	1995,	2.35,	2.80,	45.6,	90.35,	2.65,	2.63,	-1;
NIEMI_ANTTI,	68,	3915,	2.51,	2.42,	50.9,	91.45,	2.62,	2.46,	-1;
NILSSON_ANDERS,	4,	217,	0.55,	2.75,	16.7,	91.07,	3.01,	2.43,	-1;
PAVELEC_ONDREJ,	68,	3932,	2.65,	2.90,	47.8,	90.66,	2.70,	2.63,	-1;
PETERS_JUSTIN,	7,	387,	2.48,	2.48,	50.0,	93.13,	2.68,	2.48,	-1;
POULIN_KEVIN,	6,	296,	2.63,	3.04,	46.4,	90.74,	2.60,	2.57,	-1;
PRICE_CAREY,	65,	3934,	2.49,	2.44,	50.5,	91.61,	2.77,	2.61,	-1;
QUICK_JONATHAN,	69,	4099,	2.24,	1.95,	53.5,	92.86,	2.64,	2.50,	-1;
RASK_TUUKKA,	23,	1289,	2.84,	2.05,	58.1,	92.90,	2.53,	2.60,	-1;
RAYCROFT_ANDREW,	10,	529,	2.04,	3.51,	36.7,	89.77,	2.60,	2.46,	-1;
REIMER_JAMES,	34,	1879,	2.68,	3.10,	46.4,	90.04,	2.66,	2.60,	-1;
RINNE_PEKKA,	73,	4168,	2.82,	2.39,	54.1,	92.29,	2.61,	2.47,	-1;
ROLOSON_DWAYNE,	40,	2093,	2.78,	3.67,	43.1,	88.63,	2.73,	2.58,	-1;
SANFORD_CURTIS,	36,	1982,	2.21,	2.60,	45.9,	91.14,	2.62,	2.42,	-1;
SCHNEIDER_CORY,	33,	1832,	2.95,	1.96,	60.0,	93.64,	2.60,	2.56,	-1;
SCRIVENS_BEN,	12,	671,	2.32,	3.13,	42.6,	90.25,	2.65,	2.55,	-1;
SMITH_MIKE,	67,	3903,	2.58,	2.21,	53.8,	93.03,	2.61,	2.48,	-1;
THEODORE_JOSE,	53,	3049,	2.34,	2.44,	49.0,	91.74,	2.69,	2.67,	-1;
THIESSEN_BRAD,	5,	257,	4.19,	3.73,	52.9,	85.84,	2.74,	2.82,	-1;
THOMAS_TIM,	59,	3351,	3.15,	2.36,	57.1,	92.04,	2.71,	2.56,	-1;
TOKARSKI_DUSTIN,	5,	243,	2.71,	3.45,	44.0,	87.93,	2.66,	2.63,	-1;
TURCO_MARTY,	5,	260,	3.45,	3.68,	48.4,	85.45,	2.79,	2.76,	-1;
VARLAMOV_SEMYON,	53,	3151,	2.40,	2.57,	48.3,	91.36,	2.60,	2.49,	-1;
VOKOUN_TOMAS,	48,	2583,	2.62,	2.48,	51.4,	91.75,	2.71,	2.67,	-1;
WARD_CAM,	68,	3985,	2.56,	2.73,	48.4,	91.54,	2.69,	2.63,	-1;
YORK_ALLEN,	11,	416,	2.74,	2.30,	54.3,	91.96,	2.75,	2.45,	-1;
